id,name,description,density_score,primary_muscles,secondary_muscles,implicit_hits,is_unilateral,setup_buffer_sec,avg_time_per_set_sec,is_timed,equipment_needed,movement_pattern,tempo_category,created_at,updated_at,is_stretch
,45-Degree Back Extension,"Set hips on 45-degree bench. Lower torso, then raise by extending hips and squeezing glutes.",6,"[""glutes""]","[""hamstrings"",""lower_back""]","{""hamstrings"":0.6,""lower_back"":0.5}",false,15,45,false,"[""back_extension_bench""]",hinge,controlled,,,false
,90/90 Hip Switch,Sit in 90/90 hip position and rotate knees side to side with control.,3,"[""glutes""]","[""hip_flexors"",""adductors"",""glute_medius""]","{""hip_flexors"":0.4,""adductors"":0.3,""glute_medius"":0.4}",false,5,60,true,[],stretch,controlled,,,true
,Ab Wheel Rollout,"Kneel with ab wheel under shoulders. Roll forward while bracing, then pull back to start.",7,"[""abs""]","[""lats"",""triceps"",""hip_flexors""]","{""lats"":0.5,""triceps"":0.3,""hip_flexors"":0.3}",false,5,35,false,"[""ab_wheel""]",anti-rotation,controlled,,,false
,Adductor Rock Back,Start on hands and knees with one leg extended to side. Rock hips back and forward slowly.,3,"[""adductors""]","[""hamstrings"",""glutes""]","{""hamstrings"":0.3,""glutes"":0.2}",true,5,45,true,[],stretch,controlled,,,true
,Ankle Dorsiflexion Mobilization,Kneel with one foot forward and drive knee over toes while heel stays down.,3,"[""calves""]","[""soleus"",""tibialis_anterior""]","{""soleus"":0.5,""tibialis_anterior"":0.2}",true,5,45,true,[],stretch,controlled,,,true
,Archer Push Up,"Use a wide hand position. Shift weight toward one arm as the opposite arm stays straighter, then alternate.",8,"[""chest""]","[""triceps"",""anterior_deltoids"",""abs""]","{""triceps"":0.6,""anterior_deltoids"":0.6,""abs"":0.4}",false,5,45,false,[],push,controlled,,,false
,Arm Circles,Extend arms and make controlled circles forward and backward to warm shoulders.,3,"[""anterior_deltoids""]","[""lateral_deltoids"",""posterior_deltoids"",""rotator_cuff""]","{""lateral_deltoids"":0.5,""posterior_deltoids"":0.4,""rotator_cuff"":0.3}",false,5,40,true,[],stretch,controlled,,,true
,Arnold Press,"Start with dumbbells at shoulder level, palms facing you. Rotate wrists outward while pressing overhead. Reverse motion on descent.",7,"[""anterior_deltoids""]","[""lateral_deltoids"",""triceps"",""upper_chest""]","{""triceps"":0.6,""upper_chest"":0.3,""lateral_deltoids"":0.7}",false,25,55,false,"[""dumbbells""]",push,controlled,,,false
,Assisted Pull Up,"Use an assisted pull-up machine or band. Pull chest toward bar, then lower with control.",7,"[""lats""]","[""biceps"",""upper_back"",""forearms""]","{""biceps"":0.6,""upper_back"":0.5,""forearms"":0.4}",false,20,45,false,"[""assisted_pull_up_machine""]",pull,controlled,,,false
,Back Extension,"Anchor hips in back extension bench. Lower torso, then extend hips to raise body in line.",6,"[""lower_back""]","[""glutes"",""hamstrings""]","{""glutes"":0.6,""hamstrings"":0.6}",false,15,45,false,"[""back_extension_bench""]",hinge,controlled,,,false
,Back Squat (High Bar),"Place bar high on traps. Squat down with upright torso, then drive through feet to stand.",9,"[""quads""]","[""glutes"",""hamstrings"",""abs"",""lower_back""]","{""glutes"":0.7,""hamstrings"":0.4,""abs"":0.5,""lower_back"":0.4}",false,45,90,false,"[""barbell"",""squat_rack""]",squat,controlled,,,false
,Back Squat (Low Bar),"Place bar lower across rear delts. Sit hips back and down, then drive up through midfoot.",9,"[""glutes""]","[""quads"",""hamstrings"",""lower_back"",""abs""]","{""quads"":0.7,""hamstrings"":0.5,""lower_back"":0.5,""abs"":0.4}",false,45,90,false,"[""barbell"",""squat_rack""]",squat,controlled,,,false
,Band External Rotation,Anchor a band at elbow height. Rotate forearm outward while keeping elbow at the side.,3,"[""rotator_cuff""]","[""posterior_deltoids""]","{""posterior_deltoids"":0.3}",true,10,35,false,"[""resistance_band""]",pull,controlled,,,false
,Band Pull-Apart,"Hold band at shoulder height. Pull band apart until hands move out to sides, then return slowly.",4,"[""posterior_deltoids""]","[""upper_back"",""traps"",""rotator_cuff""]","{""upper_back"":0.6,""traps"":0.4,""rotator_cuff"":0.4}",false,5,35,false,"[""resistance_band""]",pull,controlled,,,false
,Band Shoulder Dislocates,"Hold a band wide and move arms from front to overhead and behind, then return.",3,"[""chest""]","[""anterior_deltoids"",""lats"",""rotator_cuff""]","{""anterior_deltoids"":0.5,""lats"":0.3,""rotator_cuff"":0.3}",false,5,45,true,"[""resistance_band""]",stretch,controlled,,,true
,Banded Clamshell,"Lie on side with knees bent and band above knees. Open top knee, pause, then lower.",3,"[""glute_medius""]","[""glutes"",""obliques""]","{""glutes"":0.5,""obliques"":0.2}",true,10,35,false,"[""resistance_band""]",hinge,controlled,,,false
,Banded Lateral Walk,"Place resistance band around legs. Step sideways with controlled tension, keeping knees slightly bent.",4,"[""glute_medius""]","[""glutes"",""quads""]","{""glutes"":0.5,""quads"":0.3}",false,10,40,false,"[""resistance_band""]",lunge,controlled,,,false
,Barbell Glute Bridge,"Lie on floor with bar over hips. Drive hips upward, squeeze glutes, then lower to floor.",7,"[""glutes""]","[""hamstrings"",""abs""]","{""hamstrings"":0.5,""abs"":0.3}",false,30,45,false,"[""barbell""]",hinge,controlled,,,false
,Barbell Shrug,"Hold bar in front of thighs. Elevate shoulders straight up, pause, then lower.",5,"[""traps""]","[""forearms"",""upper_back""]","{""forearms"":0.4,""upper_back"":0.3}",false,20,40,false,"[""barbell""]",pull,controlled,,,false
,Battle Ropes,"Hold rope ends and create waves, slams, or alternating pulses while bracing core.",8,"[""anterior_deltoids""]","[""abs"",""lats"",""forearms"",""traps""]","{""abs"":0.6,""lats"":0.4,""forearms"":0.5,""traps"":0.4}",false,15,30,false,"[""battle_rope""]",push,explosive,,,false
,Bear Crawl,Move forward on hands and feet with knees close to floor. Keep hips low and core braced.,7,"[""abs""]","[""quads"",""anterior_deltoids"",""obliques""]","{""quads"":0.5,""anterior_deltoids"":0.5,""obliques"":0.5}",false,5,40,false,[],anti-rotation,controlled,,,false
,Belt Squat,"Attach belt to loading point. Squat while torso stays upright, then stand through midfoot.",8,"[""quads""]","[""glutes"",""hamstrings""]","{""glutes"":0.7,""hamstrings"":0.3}",false,25,60,false,"[""belt_squat_machine""]",squat,controlled,,,false
,Bench Dip,"Place hands on a bench behind hips. Lower by bending elbows, then press back up.",6,"[""triceps""]","[""chest"",""anterior_deltoids""]","{""chest"":0.4,""anterior_deltoids"":0.5}",false,5,35,false,"[""bench""]",push,controlled,,,false
,Bench Press (Barbell),"Lie on bench with feet flat. Lower bar to chest with control, press up explosively. Keep core tight and shoulder blades retracted.",9,"[""chest""]","[""anterior_deltoids"",""serratus_anterior""]","{""triceps"":0.6,""anterior_deltoids"":0.5}",false,30,60,false,"[""barbell"",""bench""]",push,explosive,,,false
,Bench Press (Dumbbell),"Lie on a flat bench holding dumbbells at chest level. Press up until arms are extended, then lower with control.",8,"[""chest""]","[""triceps"",""anterior_deltoids""]","{""triceps"":0.6,""anterior_deltoids"":0.6}",false,25,60,false,"[""dumbbells"",""bench""]",push,controlled,,,false
,Bench Press (Smith Machine),"Lie under a Smith machine bar. Unrack, lower bar to mid-chest, then press upward while keeping shoulder blades set.",8,"[""chest""]","[""triceps"",""anterior_deltoids""]","{""triceps"":0.6,""anterior_deltoids"":0.5}",false,35,60,false,"[""smith_machine"",""bench""]",push,controlled,,,false
,Bent Over Row (Barbell),"Hinge at hips, back straight. Pull bar to lower chest/upper abdomen, squeeze shoulder blades. Lower with control.",9,"[""lats""]","[""upper_back"",""lower_back"",""biceps"",""hamstrings""]","{""biceps"":0.5,""hamstrings"":0.3,""lower_back"":0.6,""upper_back"":0.8}",false,30,60,false,"[""barbell""]",pull,controlled,,,false
,Bicep Curl (Barbell/Dumbbell),"Stand holding weights at sides. Curl weights to shoulders, squeeze biceps at top. Lower with control, avoid swinging.",5,"[""biceps""]","[""forearms""]","{""forearms"":0.3}",false,15,35,false,"[""barbell"",""dumbbells""]",pull,controlled,,,false
,Bicycle Crunch,Lie on back and alternate bringing elbow toward opposite knee while extending other leg.,5,"[""obliques""]","[""abs"",""hip_flexors""]","{""abs"":0.7,""hip_flexors"":0.4}",false,5,40,false,[],rotation,controlled,,,false
,Bird Dog,"Start on all fours. Extend opposite arm and leg, pause, then return and alternate.",4,"[""lower_back""]","[""glutes"",""abs"",""posterior_deltoids""]","{""glutes"":0.4,""abs"":0.4,""posterior_deltoids"":0.2}",false,5,40,false,[],anti-rotation,controlled,,,false
,Box Jump,"Stand facing a box. Jump onto it with soft landing, step down, and repeat.",8,"[""quads""]","[""glutes"",""calves"",""hamstrings""]","{""glutes"":0.7,""calves"":0.6,""hamstrings"":0.4}",false,10,30,false,"[""box""]",squat,explosive,,,false
,Box Squat,"Squat back to a box or bench, lightly pause, then drive up to standing.",8,"[""glutes""]","[""quads"",""hamstrings"",""lower_back"",""abs""]","{""quads"":0.6,""hamstrings"":0.5,""lower_back"":0.4,""abs"":0.4}",false,45,75,false,"[""barbell"",""squat_rack"",""box""]",squat,controlled,,,false
,Bulgarian Split Squat,"Rear foot elevated on bench. Lower front leg until thigh parallel, drive through front heel to stand. Unilateral movement.",8,"[""quads""]","[""glutes"",""calves""]","{""calves"":0.3,""glutes"":0.9}",true,20,60,false,"[""bench"",""dumbbells""]",lunge,controlled,,,false
,Burpee,"Drop to floor, kick feet back, perform push-up if desired, jump feet in, and stand or jump.",9,"[""quads""]","[""chest"",""triceps"",""abs"",""glutes"",""calves""]","{""chest"":0.5,""triceps"":0.4,""abs"":0.5,""glutes"":0.5,""calves"":0.4}",false,5,35,false,[],squat,explosive,,,false
,Butterfly Stretch,Sit with soles of feet together. Let knees fall outward and gently hinge forward.,2,"[""adductors""]","[""glutes"",""lower_back""]","{""glutes"":0.2,""lower_back"":0.2}",false,5,45,true,[],stretch,isometric,,,true
,Cable Crunch,"Kneel facing high cable with rope. Crunch ribs toward pelvis, then return with control.",5,"[""abs""]","[""obliques""]","{""obliques"":0.3}",false,15,40,false,"[""cable_machine"",""rope_attachment""]",anti-rotation,controlled,,,false
,Cable Curl,Stand facing low cable. Curl handle or bar toward shoulders while keeping elbows near sides.,5,"[""biceps""]","[""forearms""]","{""forearms"":0.4}",false,15,40,false,"[""cable_machine""]",pull,controlled,,,false
,Cable External Rotation,Stand beside a cable with elbow bent at 90 degrees. Rotate forearm outward while keeping elbow tucked.,3,"[""rotator_cuff""]","[""posterior_deltoids""]","{""posterior_deltoids"":0.3}",true,15,35,false,"[""cable_machine""]",pull,controlled,,,false
,Cable Fly,Stand between cable handles. Sweep arms together in a wide arc while keeping a soft elbow bend.,6,"[""chest""]","[""anterior_deltoids""]","{""anterior_deltoids"":0.4}",false,20,45,false,"[""cable_machine""]",push,controlled,,,false
,Cable Glute Kickback,"Attach ankle strap to low cable. Kick leg backward while keeping torso stable, then return.",4,"[""glutes""]","[""hamstrings"",""glute_medius""]","{""hamstrings"":0.3,""glute_medius"":0.3}",true,20,35,false,"[""cable_machine"",""ankle_strap""]",hinge,controlled,,,false
,Cable Hip Abduction,"Attach ankle strap to low cable. Move leg out to side, pause, then return with control.",4,"[""glute_medius""]","[""glutes"",""tensor_fasciae_latae""]","{""glutes"":0.4,""tensor_fasciae_latae"":0.3}",true,20,35,false,"[""cable_machine"",""ankle_strap""]",squat,controlled,,,false
,Cable Hip Adduction,"Attach ankle strap to low cable. Sweep leg inward across body, then return slowly.",4,"[""adductors""]","[""hip_flexors""]","{""hip_flexors"":0.2}",true,20,35,false,"[""cable_machine"",""ankle_strap""]",squat,controlled,,,false
,Cable Lateral Raise,"Stand beside a low cable. Raise handle out to side to shoulder height, then lower slowly.",5,"[""lateral_deltoids""]","[""traps"",""rotator_cuff""]","{""traps"":0.3,""rotator_cuff"":0.3}",true,20,40,false,"[""cable_machine""]",push,controlled,,,false
,Cable Overhead Tricep Extension,"Face away from high cable with rope overhead. Extend elbows forward/up, then bend with control.",5,"[""triceps""]","[""abs""]","{""abs"":0.3}",false,20,40,false,"[""cable_machine"",""rope_attachment""]",push,controlled,,,false
,Cable Pull Through,"Face away from low cable holding rope between legs. Hinge back, then drive hips forward.",6,"[""glutes""]","[""hamstrings"",""lower_back""]","{""hamstrings"":0.7,""lower_back"":0.3}",false,20,45,false,"[""cable_machine"",""rope_attachment""]",hinge,controlled,,,false
,Cable Pullover,Use a high cable or rope. Sweep arms down and back without bending elbows much.,5,"[""lats""]","[""chest"",""serratus_anterior"",""abs""]","{""chest"":0.3,""serratus_anterior"":0.4,""abs"":0.3}",false,15,40,false,"[""cable_machine"",""rope_attachment""]",pull,controlled,,,false
,Cable Rear Delt Fly,Set cables at shoulder height. Pull handles outward and back with soft elbows.,5,"[""posterior_deltoids""]","[""upper_back"",""traps"",""rotator_cuff""]","{""upper_back"":0.6,""traps"":0.4,""rotator_cuff"":0.3}",false,20,40,false,"[""cable_machine""]",pull,controlled,,,false
,Cable Tricep Kickback,Set cable low. Hinge forward and extend elbow backward against cable resistance.,4,"[""triceps""]","[""posterior_deltoids""]","{""posterior_deltoids"":0.2}",true,15,35,false,"[""cable_machine""]",push,controlled,,,false
,Cable Woodchop,"Set cable high or low. Rotate torso and pull handle diagonally across body, then return slowly.",6,"[""obliques""]","[""abs"",""lats"",""glutes""]","{""abs"":0.5,""lats"":0.3,""glutes"":0.3}",true,20,40,false,"[""cable_machine""]",rotation,controlled,,,false
,Calf Raise,"Stand on balls of feet, raise heels as high as possible. Lower slowly to full stretch. Can use bodyweight or added weight.",5,"[""calves""]","[""soleus""]","{""soleus"":0.8}",false,15,40,false,"[""dumbbells""]",squat,controlled,,,false
,Calf Wall Stretch,"Place hands on wall, step one foot back, keep heel down, and lean forward.",2,"[""calves""]","[""soleus""]","{""soleus"":0.3}",true,5,45,true,"[""wall""]",stretch,isometric,,,true
,Captain Chair Knee Raise,"Support body on captain chair pads. Raise knees toward chest, then lower with control.",5,"[""abs""]","[""hip_flexors"",""forearms""]","{""hip_flexors"":0.5,""forearms"":0.2}",false,10,35,false,"[""captain_chair""]",anti-rotation,controlled,,,false
,Cat-Cow Stretch,"On hands and knees, alternate arching and rounding the spine slowly.",3,"[""lower_back""]","[""abs"",""upper_back""]","{""abs"":0.3,""upper_back"":0.4}",false,5,45,true,[],stretch,controlled,,,true
,Chest-Supported Row (Dumbbell),"Lie chest-down on an incline bench. Row dumbbells toward ribs, squeeze shoulder blades, and lower.",7,"[""upper_back""]","[""lats"",""biceps"",""posterior_deltoids""]","{""lats"":0.6,""biceps"":0.5,""posterior_deltoids"":0.5}",false,20,50,false,"[""dumbbells"",""incline_bench""]",pull,controlled,,,false
,Child's Pose,Kneel and sit hips back toward heels while reaching arms forward and relaxing torso.,2,"[""lats""]","[""lower_back"",""glutes"",""shoulders""]","{""lower_back"":0.5,""glutes"":0.3,""shoulders"":0.2}",false,5,60,true,[],stretch,isometric,,,true
,Chin Up (Supinated),"Underhand grip, hands shoulder-width. Pull up emphasizing biceps and lats. Lower with control to full arm extension.",8,"[""lats""]","[""biceps"",""traps"",""forearms""]","{""traps"":0.5,""biceps"":0.8,""forearms"":0.5}",false,10,45,false,"[""pull_up_bar""]",pull,controlled,,,false
,Clean and Press,"Clean weight to shoulders, then press overhead and return with control.",9,"[""glutes""]","[""anterior_deltoids"",""triceps"",""quads"",""traps"",""abs""]","{""anterior_deltoids"":0.7,""triceps"":0.6,""quads"":0.5,""traps"":0.5,""abs"":0.4}",false,35,60,false,"[""barbell"",""dumbbells""]",hinge,explosive,,,false
,Close-Grip Bench Press,"Grip bar slightly narrower than shoulder width. Lower to lower chest and press up, emphasizing triceps.",8,"[""triceps""]","[""chest"",""anterior_deltoids""]","{""chest"":0.7,""anterior_deltoids"":0.5}",false,30,60,false,"[""barbell"",""bench""]",push,controlled,,,false
,Close-Grip Lat Pulldown,"Use close or neutral grip handle. Pull toward upper chest, squeeze lats, then return with control.",7,"[""lats""]","[""biceps"",""upper_back"",""forearms""]","{""biceps"":0.6,""upper_back"":0.4,""forearms"":0.3}",false,15,45,false,"[""lat_pulldown_machine""]",pull,controlled,,,false
,Cobra Stretch,"Lie face-down, place hands under shoulders, and gently lift chest to extend spine.",2,"[""abs""]","[""hip_flexors"",""chest""]","{""hip_flexors"":0.3,""chest"":0.2}",false,5,45,true,[],stretch,isometric,,,true
,Commando Pull Up,"Grip bar with hands facing each other on opposite sides. Pull head to one side of bar, alternating sides.",8,"[""lats""]","[""biceps"",""forearms"",""obliques""]","{""biceps"":0.7,""forearms"":0.6,""obliques"":0.4}",false,10,45,false,"[""pull_up_bar""]",pull,controlled,,,false
,Concentration Curl,"Sit with elbow braced against inner thigh. Curl dumbbell up, then lower slowly.",4,"[""biceps""]","[""forearms""]","{""forearms"":0.3}",true,10,35,false,"[""dumbbell"",""bench""]",pull,controlled,,,false
,Cossack Squat,"Wide stance, shift weight to one side while keeping other leg straight. Lower into deep squat, return to center, alternate sides.",7,"[""quads""]","[""quads"",""glutes"",""hamstrings""]","{""quads"":0.8,""glutes"":0.6,""hamstrings"":0.4}",false,10,50,false,[],squat,controlled,,,false
,Couch Stretch,Place back foot on wall or bench in kneeling lunge. Tuck pelvis and hold quad/hip flexor stretch.,2,"[""hip_flexors""]","[""quads"",""glutes""]","{""quads"":0.7,""glutes"":0.2}",true,5,60,true,"[""bench"",""wall""]",stretch,isometric,,,true
,Cross-Body Shoulder Stretch,Pull one arm across chest with opposite arm until rear shoulder stretches.,2,"[""posterior_deltoids""]","[""upper_back"",""traps""]","{""upper_back"":0.3,""traps"":0.2}",true,5,40,true,[],stretch,isometric,,,true
,Crunch,"Lie on back with knees bent. Curl shoulders off floor using abs, then lower slowly.",4,"[""abs""]","[""hip_flexors""]","{""hip_flexors"":0.2}",false,5,35,false,[],anti-rotation,controlled,,,false
,Cuban Press,"Raise elbows high, externally rotate shoulders, then press lightly overhead and reverse.",4,"[""rotator_cuff""]","[""posterior_deltoids"",""lateral_deltoids"",""traps""]","{""posterior_deltoids"":0.5,""lateral_deltoids"":0.4,""traps"":0.3}",false,10,45,false,"[""dumbbells""]",pull,controlled,,,false
,Curtsy Lunge,"Step one leg diagonally behind the other. Lower into a lunge, then return to standing.",6,"[""glutes""]","[""quads"",""glute_medius"",""adductors""]","{""quads"":0.5,""glute_medius"":0.6,""adductors"":0.3}",true,10,50,false,"[""dumbbells""]",lunge,controlled,,,false
,Dead Bug,Lie on back with arms and knees up. Extend opposite arm and leg while keeping lower back down.,4,"[""abs""]","[""hip_flexors"",""obliques""]","{""hip_flexors"":0.3,""obliques"":0.3}",false,5,40,false,[],anti-rotation,controlled,,,false
,Dead Hang,Hang from pull-up bar with arms straight. Keep shoulders active and hold for time.,5,"[""forearms""]","[""lats"",""traps""]","{""lats"":0.4,""traps"":0.3}",false,10,30,true,"[""pull_up_bar""]",pull,isometric,,,false
,Deadlift (Conventional),"Stand with feet hip-width, bar over mid-foot. Hinge at hips, grip bar, drive through heels to stand. Keep bar close to body.",10,"[""lower_back""]","[""hamstrings"",""glutes"",""traps"",""forearms""]","{""traps"":0.5,""glutes"":0.8,""forearms"":0.5,""hamstrings"":0.9}",false,60,120,false,"[""barbell""]",hinge,explosive,,,false
,Decline Bench Press (Barbell),"Lie on a decline bench. Lower bar to lower chest and press up, keeping shoulders retracted.",8,"[""lower_chest""]","[""chest"",""triceps"",""anterior_deltoids""]","{""chest"":0.7,""triceps"":0.6,""anterior_deltoids"":0.4}",false,40,60,false,"[""barbell"",""decline_bench""]",push,controlled,,,false
,Decline Dumbbell Press,"Lie on a decline bench with dumbbells. Press from lower chest line to above chest, then lower under control.",8,"[""lower_chest""]","[""chest"",""triceps"",""anterior_deltoids""]","{""chest"":0.7,""triceps"":0.5,""anterior_deltoids"":0.4}",false,30,60,false,"[""dumbbells"",""decline_bench""]",push,controlled,,,false
,Decline Push Up,"Place feet on a bench and hands on floor. Lower chest, then press up while keeping body straight.",8,"[""upper_chest""]","[""chest"",""triceps"",""anterior_deltoids"",""abs""]","{""chest"":0.6,""triceps"":0.6,""anterior_deltoids"":0.7,""abs"":0.4}",false,5,40,false,"[""bench""]",push,controlled,,,false
,Deep Squat Hold,"Sit into a deep squat, keep heels down if possible, and gently open hips with elbows.",2,"[""adductors""]","[""glutes"",""calves"",""lower_back""]","{""glutes"":0.4,""calves"":0.3,""lower_back"":0.2}",false,5,60,true,[],stretch,isometric,,,true
,Deficit Reverse Lunge,"Stand on a small platform. Step backward into a deeper lunge, then drive up through front leg.",8,"[""quads""]","[""glutes"",""hamstrings"",""calves""]","{""glutes"":0.8,""hamstrings"":0.4,""calves"":0.3}",true,15,55,false,"[""dumbbells"",""platform""]",lunge,controlled,,,false
,Diamond Push Up,"Form diamond shape with hands under chest. Lower until chest touches hands, focus on tricep engagement. Push up explosively.",7,"[""triceps""]","[""chest"",""anterior_deltoids"",""abs""]","{""abs"":0.4,""chest"":0.6,""anterior_deltoids"":0.6}",false,5,30,false,[],push,controlled,,,false
,Dip,"Support body on parallel bars. Lower by bending elbows until shoulders below elbows, then press up. Lean forward to target chest more.",8,"[""triceps""]","[""lower_chest"",""anterior_deltoids""]","{""lower_chest"":0.8,""anterior_deltoids"":0.4}",false,10,45,false,"[""parallel_bars""]",push,controlled,,,false
,Donkey Calf Raise,"Hinge forward with load across hips. Raise heels high, pause, then lower into stretch.",5,"[""calves""]","[""soleus""]","{""soleus"":0.4}",false,20,40,false,"[""donkey_calf_raise_machine""]",squat,controlled,,,false
,Donkey Kick,"Start on all fours. Drive one heel upward by extending hip, squeeze glute, then lower.",3,"[""glutes""]","[""hamstrings"",""abs""]","{""hamstrings"":0.3,""abs"":0.2}",true,5,35,false,[],hinge,controlled,,,false
,Doorway Pec Stretch,Place forearm on doorway and step through gently until chest stretches.,2,"[""chest""]","[""anterior_deltoids"",""biceps""]","{""anterior_deltoids"":0.5,""biceps"":0.2}",true,5,45,true,"[""doorway""]",stretch,isometric,,,true
,Downward Dog,"Press hips upward from plank-like position, pushing chest toward thighs and heels toward floor.",2,"[""calves""]","[""hamstrings"",""lats"",""shoulders""]","{""hamstrings"":0.5,""lats"":0.4,""shoulders"":0.3}",false,5,60,true,[],stretch,isometric,,,true
,Dragon Flag,Lie on bench holding behind head. Raise body into a straight line and lower slowly.,9,"[""abs""]","[""lats"",""hip_flexors"",""lower_back""]","{""lats"":0.5,""hip_flexors"":0.5,""lower_back"":0.3}",false,10,35,false,"[""bench""]",anti-rotation,controlled,,,false
,Dumbbell Fly,"Lie on bench with dumbbells extended above chest. Lower weights in wide arc until chest stretch, then squeeze chest to bring weights together.",6,"[""chest""]","[""anterior_deltoids""]","{""biceps"":0.1,""anterior_deltoids"":0.3}",false,20,45,false,"[""dumbbells"",""bench""]",push,controlled,,,false
,Dumbbell Pullover,"Lie on a bench holding one dumbbell over chest. Lower weight behind head, then pull back over chest.",6,"[""lats""]","[""chest"",""serratus_anterior"",""triceps""]","{""chest"":0.5,""serratus_anterior"":0.5,""triceps"":0.3}",false,15,45,false,"[""dumbbell"",""bench""]",pull,controlled,,,false
,Dumbbell Romanian Deadlift,"Hold dumbbells in front of thighs. Hinge back until hamstrings stretch, then drive hips forward.",8,"[""hamstrings""]","[""glutes"",""lower_back"",""forearms""]","{""glutes"":0.8,""lower_back"":0.5,""forearms"":0.4}",false,15,60,false,"[""dumbbells""]",hinge,controlled,,,false
,Dumbbell Shrug,"Hold dumbbells at sides. Shrug shoulders upward, pause briefly, then lower fully.",5,"[""traps""]","[""forearms"",""upper_back""]","{""forearms"":0.4,""upper_back"":0.3}",false,10,40,false,"[""dumbbells""]",pull,controlled,,,false
,Dumbbell Side Bend,"Hold dumbbell at one side. Bend sideways slightly, then pull torso back upright.",4,"[""obliques""]","[""forearms""]","{""forearms"":0.3}",true,5,35,false,"[""dumbbell""]",rotation,controlled,,,false
,Dumbbell Snatch,"Lift dumbbell from floor to overhead in one explosive motion, then lower and switch sides.",9,"[""glutes""]","[""hamstrings"",""quads"",""anterior_deltoids"",""traps"",""abs""]","{""hamstrings"":0.5,""quads"":0.5,""anterior_deltoids"":0.5,""traps"":0.4,""abs"":0.4}",true,10,45,false,"[""dumbbell""]",hinge,explosive,,,false
,Dumbbell Squat,Hold dumbbells at sides or shoulders. Squat down with control and stand back up.,7,"[""quads""]","[""glutes"",""hamstrings"",""abs""]","{""glutes"":0.7,""hamstrings"":0.4,""abs"":0.3}",false,10,50,false,"[""dumbbells""]",squat,controlled,,,false
,Dumbbell Thruster,"Hold dumbbells at shoulders. Squat down, then stand and press overhead in one motion.",9,"[""quads""]","[""glutes"",""anterior_deltoids"",""triceps"",""abs""]","{""glutes"":0.6,""anterior_deltoids"":0.7,""triceps"":0.6,""abs"":0.4}",false,15,45,false,"[""dumbbells""]",squat,explosive,,,false
,Dumbbell Tricep Kickback,"Hinge forward with upper arm beside torso. Extend elbow backward, then lower slowly.",4,"[""triceps""]","[""posterior_deltoids""]","{""posterior_deltoids"":0.2}",true,10,35,false,"[""dumbbell""]",push,controlled,,,false
,Elliptical,Use elliptical with smooth leg drive and optional handle push-pull rhythm.,6,"[""quads""]","[""glutes"",""hamstrings"",""calves"",""chest"",""upper_back""]","{""glutes"":0.4,""hamstrings"":0.3,""calves"":0.3,""chest"":0.2,""upper_back"":0.2}",false,15,300,true,"[""elliptical""]",cardio,controlled,,,false
,EZ-Bar Curl,"Hold EZ-bar with underhand grip. Curl toward shoulders, then lower under control.",5,"[""biceps""]","[""forearms""]","{""forearms"":0.4}",false,10,40,false,"[""ez_bar""]",pull,controlled,,,false
,Face Pull,"Stand facing cable machine at face height. Pull rope to face level, external rotate shoulders. Targets rear delts and rotator cuff.",7,"[""posterior_deltoids""]","[""rotator_cuff"",""traps"",""upper_back""]","{""traps"":0.7,""upper_back"":0.5,""rotator_cuff"":0.9}",false,15,40,false,"[""cable_machine""]",pull,controlled,,,false
,Farmer's Walk,"Carry heavy weights at sides, walk forward maintaining upright posture. Targets grip, core, and traps.",8,"[""forearms""]","[""traps"",""core"",""glutes""]","{""abs"":0.8,""traps"":0.9,""glutes"":0.4}",false,15,30,true,"[""dumbbells"",""kettlebells""]",carry,controlled,,,false
,Figure Four Stretch,"Lie on back, cross one ankle over opposite knee, and pull legs toward chest.",2,"[""glutes""]","[""piriformis"",""hamstrings""]","{""piriformis"":0.7,""hamstrings"":0.2}",true,5,45,true,[],stretch,isometric,,,true
,Fire Hydrant,"Start on all fours. Lift bent knee out to side, pause, then lower while keeping hips stable.",3,"[""glute_medius""]","[""glutes"",""abs""]","{""glutes"":0.4,""abs"":0.2}",true,5,35,false,[],hinge,controlled,,,false
,Floor Press (Barbell),"Lie on floor under a barbell. Lower until upper arms touch the floor, then press up.",7,"[""chest""]","[""triceps"",""anterior_deltoids""]","{""triceps"":0.7,""anterior_deltoids"":0.5}",false,30,60,false,"[""barbell""]",push,controlled,,,false
,Floor Press (Dumbbell),"Lie on floor with dumbbells. Lower elbows until upper arms touch floor, then press up.",7,"[""chest""]","[""triceps"",""anterior_deltoids""]","{""triceps"":0.6,""anterior_deltoids"":0.5}",false,15,50,false,"[""dumbbells""]",push,controlled,,,false
,Flutter Kicks,Lie on back with legs straight. Alternate small up-and-down kicks while keeping lower back down.,5,"[""abs""]","[""hip_flexors"",""quads""]","{""hip_flexors"":0.6,""quads"":0.3}",false,5,35,false,[],anti-rotation,controlled,,,false
,Foam Roller Calf Mobilization,Sit with foam roller under calf and roll slowly from ankle toward knee.,3,"[""calves""]","[""soleus""]","{""soleus"":0.4}",true,5,60,true,"[""foam_roller""]",stretch,controlled,,,true
,Foam Roller Lat Mobilization,Lie on side with foam roller under lat and slowly roll tender areas.,3,"[""lats""]","[""serratus_anterior"",""upper_back""]","{""serratus_anterior"":0.2,""upper_back"":0.2}",true,5,60,true,"[""foam_roller""]",stretch,controlled,,,true
,Foam Roller Quad Mobilization,Lie face-down with foam roller under thigh and roll slowly from hip to knee.,3,"[""quads""]","[""hip_flexors""]","{""hip_flexors"":0.2}",true,5,60,true,"[""foam_roller""]",stretch,controlled,,,true
,Foam Roller Thoracic Extension,Place foam roller under upper back and gently extend over it in small segments.,3,"[""upper_back""]","[""chest"",""abs""]","{""chest"":0.3,""abs"":0.2}",false,5,60,true,"[""foam_roller""]",stretch,controlled,,,true
,Forearm Plank,Hold body in a straight line on forearms and toes. Brace abs and avoid sagging hips.,5,"[""abs""]","[""obliques"",""glutes"",""anterior_deltoids""]","{""obliques"":0.5,""glutes"":0.3,""anterior_deltoids"":0.3}",false,5,45,true,[],anti-rotation,isometric,,,false
,Forward Lunge,"Step forward into a lunge, lower until both knees bend, then push back to starting position.",7,"[""quads""]","[""glutes"",""hamstrings"",""calves""]","{""glutes"":0.7,""hamstrings"":0.3,""calves"":0.2}",true,10,50,false,"[""dumbbells""]",lunge,controlled,,,false
,Frog Pump,Lie on back with soles of feet together and knees out. Pump hips upward while squeezing glutes.,4,"[""glutes""]","[""adductors"",""hamstrings""]","{""adductors"":0.3,""hamstrings"":0.2}",false,5,40,false,[],hinge,controlled,,,false
,Frog Stretch,Kneel with knees wide and hips back. Hold a gentle inner-thigh stretch.,2,"[""adductors""]","[""glutes"",""hip_flexors""]","{""glutes"":0.3,""hip_flexors"":0.2}",false,5,60,true,[],stretch,isometric,,,true
,Front Rack Carry,Hold kettlebells or dumbbells in front rack at shoulders. Walk while bracing core.,7,"[""abs""]","[""upper_back"",""forearms"",""biceps"",""glutes""]","{""upper_back"":0.6,""forearms"":0.6,""biceps"":0.3,""glutes"":0.3}",false,15,45,false,"[""kettlebells"",""dumbbells""]",carry,controlled,,,false
,Front Raise (Dumbbell),"Stand with dumbbells in front of thighs. Raise arms to shoulder height, then lower slowly.",4,"[""anterior_deltoids""]","[""upper_chest""]","{""upper_chest"":0.3}",false,10,40,false,"[""dumbbells""]",push,controlled,,,false
,Front Raise (Plate),"Hold a weight plate with both hands. Raise to shoulder height, then lower with control.",4,"[""anterior_deltoids""]","[""upper_chest"",""forearms""]","{""upper_chest"":0.3,""forearms"":0.3}",false,10,40,false,"[""weight_plate""]",push,controlled,,,false
,Front Squat,"Bar across front deltoids, elbows high. Squat down keeping torso upright. More quad dominant than back squat.",9,"[""quads""]","[""glutes"",""upper_back"",""core"",""lower_back""]","{""abs"":0.7,""glutes"":0.6,""lower_back"":0.4,""upper_back"":0.6}",false,45,90,false,"[""barbell"",""squat_rack""]",squat,controlled,,,false
,Glute-Ham Raise,Secure feet in glute-ham developer. Lower torso and extend back up using hamstrings and glutes.,8,"[""hamstrings""]","[""glutes"",""calves"",""lower_back""]","{""glutes"":0.7,""calves"":0.3,""lower_back"":0.3}",false,20,50,false,"[""glute_ham_developer""]",hinge,controlled,,,false
,Goblet Carry,Hold kettlebell or dumbbell at chest. Walk with ribs down and torso upright.,5,"[""abs""]","[""upper_back"",""forearms"",""biceps""]","{""upper_back"":0.5,""forearms"":0.4,""biceps"":0.3}",false,10,45,false,"[""kettlebell"",""dumbbell""]",carry,controlled,,,false
,Goblet Squat,"Hold a dumbbell or kettlebell at chest. Squat down between knees, then stand tall.",7,"[""quads""]","[""glutes"",""abs"",""upper_back""]","{""glutes"":0.7,""abs"":0.4,""upper_back"":0.3}",false,10,50,false,"[""dumbbell"",""kettlebell""]",squat,controlled,,,false
,Good Morning,"Place bar on upper back. Hinge at hips with soft knees, then return by squeezing glutes.",8,"[""hamstrings""]","[""glutes"",""lower_back"",""abs""]","{""glutes"":0.7,""lower_back"":0.7,""abs"":0.4}",false,40,60,false,"[""barbell"",""squat_rack""]",hinge,controlled,,,false
,Hack Squat,"Stand on hack squat platform with shoulders under pads. Lower until knees bend deeply, then press up.",8,"[""quads""]","[""glutes"",""hamstrings"",""calves""]","{""glutes"":0.6,""hamstrings"":0.3,""calves"":0.2}",false,20,60,false,"[""hack_squat_machine""]",squat,controlled,,,false
,Hammer Curl,"Hold dumbbells with neutral grip (palms facing each other). Curl to shoulders, targets brachialis and forearms more than standard curl.",5,"[""biceps""]","[""forearms""]","{""forearms"":0.8}",false,15,35,false,"[""dumbbells""]",pull,controlled,,,false
,Hamstring Curl (Stability Ball),"Lie on back with heels on ball. Lift hips and curl ball toward body, then extend legs.",6,"[""hamstrings""]","[""glutes"",""calves"",""abs""]","{""glutes"":0.5,""calves"":0.3,""abs"":0.4}",false,10,45,false,"[""stability_ball""]",hinge,controlled,,,false
,Hand-Release Push Up,"Lower chest to floor, briefly lift hands, then plant hands and push back up.",7,"[""chest""]","[""triceps"",""anterior_deltoids"",""abs""]","{""triceps"":0.5,""anterior_deltoids"":0.5,""abs"":0.3}",false,5,35,false,[],push,controlled,,,true
,Hang Clean,Start with bar above knees. Extend hips explosively and catch bar on shoulders.,9,"[""glutes""]","[""hamstrings"",""quads"",""traps"",""forearms""]","{""hamstrings"":0.6,""quads"":0.5,""traps"":0.7,""forearms"":0.5}",false,35,55,false,"[""barbell""]",hinge,explosive,,,false
,Hanging Knee Raise,"Hang from bar, bring knees to chest. Lower with control. Easier variation of hanging leg raise.",6,"[""abs""]","[""hip_flexors"",""forearms""]","{""forearms"":0.5,""hip_flexors"":0.7}",false,10,35,false,"[""pull_up_bar""]",pull,controlled,,,false
,Hanging Leg Raise,"Hang from bar, raise straight legs to 90 degrees or higher. Lower with control. Targets lower abs and hip flexors.",7,"[""abs""]","[""hip_flexors"",""forearms""]","{""forearms"":0.4,""hip_flexors"":0.8}",false,10,40,false,"[""pull_up_bar""]",pull,controlled,,,false
,Happy Baby Pose,"Lie on back, hold feet or shins, and gently pull knees toward armpits.",2,"[""adductors""]","[""glutes"",""lower_back""]","{""glutes"":0.4,""lower_back"":0.3}",false,5,60,true,[],stretch,isometric,,,true
,High Plank,Hold top of push-up position with hands under shoulders. Brace core and keep body straight.,5,"[""abs""]","[""obliques"",""anterior_deltoids"",""serratus_anterior""]","{""obliques"":0.5,""anterior_deltoids"":0.4,""serratus_anterior"":0.3}",false,5,45,true,[],anti-rotation,isometric,,,false
,High-to-Low Cable Fly,Set pulleys high. Pull handles down and together toward lower chest to emphasize lower chest.,6,"[""lower_chest""]","[""chest"",""anterior_deltoids""]","{""chest"":0.7,""anterior_deltoids"":0.3}",false,20,45,false,"[""cable_machine""]",push,controlled,,,false
,Hip Abduction Machine,"Sit with pads outside thighs. Push knees outward, pause, then return slowly.",4,"[""glute_medius""]","[""glutes"",""tensor_fasciae_latae""]","{""glutes"":0.5,""tensor_fasciae_latae"":0.3}",false,15,40,false,"[""hip_abduction_machine""]",squat,controlled,,,false
,Hip Adduction Machine,"Sit with pads outside knees. Squeeze thighs together, then return slowly.",4,"[""adductors""]","[""glutes""]","{""glutes"":0.2}",false,15,40,false,"[""hip_adduction_machine""]",squat,controlled,,,false
,Hip Thrust,"Upper back against bench, bar across hips. Drive hips up until body forms straight line. Squeeze glutes at top, lower with control.",8,"[""glutes""]","[""hamstrings"",""quads""]","{""quads"":0.3,""hamstrings"":0.4}",false,35,60,false,"[""barbell"",""bench""]",hinge,controlled,,,false
,Hollow Body Hold,Lie on back with arms and legs extended off floor. Press lower back down and hold.,6,"[""abs""]","[""hip_flexors"",""quads""]","{""hip_flexors"":0.4,""quads"":0.2}",false,5,30,true,[],anti-rotation,isometric,,,false
,Inchworm Walkout,"Hinge down, walk hands to plank, then walk feet toward hands or reverse.",3,"[""hamstrings""]","[""calves"",""abs"",""anterior_deltoids""]","{""calves"":0.3,""abs"":0.4,""anterior_deltoids"":0.3}",false,5,45,true,[],stretch,controlled,,,true
,Incline Bench Press (Barbell),"Set bench to an incline. Lower bar to upper chest, then press up while keeping wrists stacked over elbows.",8,"[""upper_chest""]","[""chest"",""triceps"",""anterior_deltoids""]","{""chest"":0.7,""triceps"":0.6,""anterior_deltoids"":0.7}",false,35,60,false,"[""barbell"",""incline_bench""]",push,controlled,,,false
,Incline Dumbbell Curl,"Sit on an incline bench with arms hanging. Curl dumbbells without swinging, then lower fully.",5,"[""biceps""]","[""forearms""]","{""forearms"":0.4}",false,15,40,false,"[""dumbbells"",""incline_bench""]",pull,controlled,,,false
,Incline Dumbbell Press,Set bench to 30-45° incline. Press dumbbells from chest level to full extension above shoulders. Control the eccentric phase.,8,"[""upper_chest""]","[""upper_chest"",""anterior_deltoids"",""serratus_anterior""]","{""chest"":0.7,""triceps"":0.5,""anterior_deltoids"":0.7}",false,30,60,false,"[""dumbbells"",""incline_bench""]",push,controlled,,,false
,Incline Push Up,"Place hands on a bench or box. Lower chest toward the surface, then push back up.",5,"[""chest""]","[""triceps"",""anterior_deltoids"",""abs""]","{""triceps"":0.5,""anterior_deltoids"":0.5,""abs"":0.3}",false,5,35,false,"[""bench""]",push,controlled,,,false
,Incline Treadmill Walk,Walk on treadmill at an incline while keeping posture tall and steps controlled.,6,"[""glutes""]","[""hamstrings"",""calves"",""quads""]","{""hamstrings"":0.5,""calves"":0.5,""quads"":0.4}",false,15,300,true,"[""treadmill""]",cardio,controlled,,,false
,Inverted Row,"Lie under a fixed bar. Pull chest to bar while keeping body straight, then lower with control.",7,"[""upper_back""]","[""lats"",""biceps"",""posterior_deltoids"",""abs""]","{""lats"":0.6,""biceps"":0.5,""posterior_deltoids"":0.5,""abs"":0.3}",false,20,45,false,"[""barbell"",""squat_rack""]",pull,controlled,,,false
,JM Press,"Lower bar toward upper chest/neck with elbows forward, then extend elbows to press back up.",7,"[""triceps""]","[""chest"",""anterior_deltoids""]","{""chest"":0.4,""anterior_deltoids"":0.3}",false,30,50,false,"[""barbell"",""bench""]",push,controlled,,,false
,Jump Rope,Jump repeatedly over rope with light foot contacts and steady rhythm.,8,"[""calves""]","[""quads"",""forearms"",""anterior_deltoids""]","{""quads"":0.4,""forearms"":0.3,""anterior_deltoids"":0.2}",false,5,60,false,"[""jump_rope""]",cardio,explosive,,,false
,Kettlebell Clean,"Swing kettlebell from hinge and guide it into front rack position, then lower and repeat.",8,"[""glutes""]","[""hamstrings"",""upper_back"",""forearms"",""abs""]","{""hamstrings"":0.6,""upper_back"":0.5,""forearms"":0.5,""abs"":0.4}",true,10,45,false,"[""kettlebell""]",hinge,explosive,,,false
,Kettlebell Snatch,"Swing kettlebell overhead in one motion, finishing with arm locked out and shoulder stable.",9,"[""glutes""]","[""hamstrings"",""anterior_deltoids"",""traps"",""forearms"",""abs""]","{""hamstrings"":0.6,""anterior_deltoids"":0.5,""traps"":0.4,""forearms"":0.5,""abs"":0.4}",true,10,45,false,"[""kettlebell""]",hinge,explosive,,,false
,Kettlebell Swing,"Hinge kettlebell between legs, then snap hips forward to swing it to chest height.",8,"[""glutes""]","[""hamstrings"",""lower_back"",""abs"",""forearms""]","{""hamstrings"":0.7,""lower_back"":0.5,""abs"":0.4,""forearms"":0.4}",false,10,45,false,"[""kettlebell""]",hinge,explosive,,,false
,Kneeling Hip Flexor Stretch,"Kneel in lunge position, tuck pelvis slightly, and shift forward until front of hip stretches.",2,"[""hip_flexors""]","[""quads"",""glutes""]","{""quads"":0.4,""glutes"":0.2}",true,5,45,true,[],stretch,isometric,,,true
,L-Sit,"Support body on parallel bars or floor. Lift legs to form L shape, hold position. Requires strong core and hip flexors.",8,"[""abs""]","[""hip_flexors"",""triceps"",""traps"",""quads""]","{""quads"":0.4,""traps"":0.5,""triceps"":0.6,""hip_flexors"":0.9}",false,5,30,true,"[""parallel_bars""]",anti-rotation,isometric,,,false
,Landmine Press,"Hold the end of a landmine bar at shoulder height. Press forward and upward, then lower with control.",7,"[""anterior_deltoids""]","[""upper_chest"",""triceps"",""abs"",""serratus_anterior""]","{""upper_chest"":0.5,""triceps"":0.6,""abs"":0.4,""serratus_anterior"":0.4}",false,20,45,false,"[""barbell"",""landmine_attachment""]",push,controlled,,,false
,Landmine Row,"Straddle a landmine bar with row handle. Pull bar toward torso, then lower under control.",8,"[""upper_back""]","[""lats"",""biceps"",""lower_back""]","{""lats"":0.7,""biceps"":0.5,""lower_back"":0.4}",false,25,60,false,"[""barbell"",""landmine_attachment""]",pull,controlled,,,false
,Landmine Squat,"Hold landmine bar at chest. Squat down with upright torso, then stand and keep bar close.",7,"[""quads""]","[""glutes"",""abs"",""upper_back""]","{""glutes"":0.6,""abs"":0.4,""upper_back"":0.3}",false,20,50,false,"[""barbell"",""landmine_attachment""]",squat,controlled,,,false
,Lat Pulldown,"Seated at lat pulldown machine. Pull bar to upper chest, squeeze lats at bottom. Control the eccentric phase fully.",7,"[""lats""]","[""biceps"",""posterior_deltoids"",""traps""]","{""traps"":0.4,""biceps"":0.5,""posterior_deltoids"":0.3}",false,20,45,false,"[""cable_machine""]",pull,controlled,,,false
,Lat Stretch on Bench,Kneel facing bench with elbows on bench. Sit hips back until lats stretch.,2,"[""lats""]","[""triceps"",""upper_back""]","{""triceps"":0.3,""upper_back"":0.3}",false,5,45,true,"[""bench""]",stretch,isometric,,,true
,Lateral Lunge,"Step out to the side, bend the stepping knee, keep other leg straight, then push back to center.",7,"[""quads""]","[""glutes"",""adductors"",""hamstrings""]","{""glutes"":0.6,""adductors"":0.7,""hamstrings"":0.3}",true,10,50,false,"[""dumbbells""]",lunge,controlled,,,false
,Lateral Raise,Stand holding dumbbells at sides. Raise arms out to shoulder height with slight bend in elbows. Lower slowly to resist gravity.,6,"[""lateral_deltoids""]","[""traps""]","{""traps"":0.3,""anterior_deltoids"":0.2}",false,15,40,false,"[""dumbbells""]",push,controlled,,,false
,Lateral Step Up,"Stand beside a box. Step up sideways through the working leg, then lower with control.",7,"[""glute_medius""]","[""quads"",""glutes"",""adductors""]","{""quads"":0.6,""glutes"":0.6,""adductors"":0.3}",true,10,50,false,"[""box"",""dumbbells""]",lunge,controlled,,,false
,Lean-Away Lateral Raise,"Hold support with one hand and lean away. Raise dumbbell out to side, then lower slowly.",5,"[""lateral_deltoids""]","[""traps"",""rotator_cuff""]","{""traps"":0.3,""rotator_cuff"":0.3}",true,10,40,false,"[""dumbbell""]",push,controlled,,,false
,Leg Curl (Seated/Lying),Lying or seated in leg curl machine. Curl heels toward glutes against resistance. Lower with control to full extension.,5,"[""hamstrings""]","[""calves""]","{""calves"":0.2}",false,15,40,false,"[""leg_curl_machine""]",hinge,controlled,,,false
,Leg Extension,Seated in leg extension machine. Extend legs against resistance until knees fully extended. Lower with control.,5,"[""quads""]","[""calves""]","{""calves"":0.3}",false,15,40,false,"[""leg_extension_machine""]",squat,controlled,,,false
,Leg Extension (Single-Leg),"Sit in leg extension machine. Extend one leg fully, pause, then lower with control.",4,"[""quads""]",[],{},true,15,35,false,"[""leg_extension_machine""]",squat,controlled,,,false
,Leg Press,"Seated in leg press machine. Lower weight until knees at 90 degrees, then press up explosively. Keep lower back against pad.",7,"[""quads""]","[""glutes"",""calves""]","{""calves"":0.2,""glutes"":0.5}",false,30,60,false,"[""leg_press_machine""]",squat,explosive,,,false
,Leg Swings Front-to-Back,Hold support and swing one leg forward and backward with controlled range.,3,"[""hamstrings""]","[""hip_flexors"",""glutes""]","{""hip_flexors"":0.5,""glutes"":0.3}",true,5,40,true,[],stretch,controlled,,,true
,Leg Swings Side-to-Side,Hold support and swing one leg across body and outward with control.,3,"[""adductors""]","[""glute_medius"",""hip_flexors""]","{""glute_medius"":0.5,""hip_flexors"":0.3}",true,5,40,true,[],stretch,controlled,,,true
,Levator Scapulae Stretch,Turn head slightly down toward armpit and gently assist until back of neck stretches.,2,"[""traps""]","[""neck"",""upper_back""]","{""neck"":0.6,""upper_back"":0.2}",true,5,30,true,[],stretch,isometric,,,true
,Low-to-High Cable Fly,Set pulleys low. Sweep handles upward and inward toward upper chest while keeping ribs down.,6,"[""upper_chest""]","[""chest"",""anterior_deltoids""]","{""chest"":0.6,""anterior_deltoids"":0.5}",false,20,45,false,"[""cable_machine""]",push,controlled,,,false
,Lying Hamstring Stretch with Strap,Lie on back with strap around foot. Raise leg until hamstring stretch is felt and hold.,2,"[""hamstrings""]","[""calves""]","{""calves"":0.3}",true,5,45,true,"[""yoga_strap""]",stretch,isometric,,,true
,Machine Chest Press,"Sit with handles at chest height. Press handles forward until arms extend, then return with control.",7,"[""chest""]","[""triceps"",""anterior_deltoids""]","{""triceps"":0.6,""anterior_deltoids"":0.5}",false,15,45,false,"[""chest_press_machine""]",push,controlled,,,false
,Machine Hip Thrust,"Sit in hip thrust machine with pad over hips. Drive hips upward, squeeze glutes, then lower.",7,"[""glutes""]","[""hamstrings"",""quads""]","{""hamstrings"":0.4,""quads"":0.2}",false,20,45,false,"[""hip_thrust_machine""]",hinge,controlled,,,false
,Machine Row,"Sit at row machine with chest supported. Pull handles toward torso, squeeze shoulder blades, then return.",7,"[""upper_back""]","[""lats"",""biceps"",""posterior_deltoids""]","{""lats"":0.6,""biceps"":0.5,""posterior_deltoids"":0.4}",false,15,45,false,"[""row_machine""]",pull,controlled,,,false
,Machine Shoulder Press,"Sit with handles at shoulder height. Press overhead, pause briefly, then lower under control.",7,"[""anterior_deltoids""]","[""triceps"",""lateral_deltoids""]","{""triceps"":0.6,""lateral_deltoids"":0.5}",false,15,45,false,"[""shoulder_press_machine""]",push,controlled,,,false
,Meadows Row,"Stand beside a landmine bar. Row the bar end toward hip with one arm, then lower.",8,"[""lats""]","[""upper_back"",""biceps"",""forearms"",""obliques""]","{""upper_back"":0.6,""biceps"":0.5,""forearms"":0.5,""obliques"":0.4}",true,25,50,false,"[""barbell"",""landmine_attachment""]",pull,controlled,,,false
,Medicine Ball Slam,"Raise medicine ball overhead and slam it forcefully to floor, then reset safely.",8,"[""abs""]","[""lats"",""anterior_deltoids"",""triceps"",""glutes""]","{""lats"":0.5,""anterior_deltoids"":0.5,""triceps"":0.4,""glutes"":0.4}",false,10,30,false,"[""medicine_ball""]",push,explosive,,,false
,Mountain Climber,Start in high plank. Drive knees toward chest alternately while keeping hips stable.,7,"[""abs""]","[""hip_flexors"",""anterior_deltoids"",""quads""]","{""hip_flexors"":0.6,""anterior_deltoids"":0.4,""quads"":0.3}",false,5,30,false,[],anti-rotation,explosive,,,false
,Neutral-Grip Pull Up,"Hang with palms facing each other. Pull body up until chin clears handles, then lower fully.",8,"[""lats""]","[""biceps"",""forearms"",""upper_back""]","{""biceps"":0.7,""forearms"":0.5,""upper_back"":0.5}",false,10,45,false,"[""pull_up_bar""]",pull,controlled,,,false
,Nordic Curl,"Kneel with feet secured. Lower body forward with control, resisting with hamstrings. Push back up to starting position.",8,"[""hamstrings""]","[""glutes"",""calves""]","{""calves"":0.4,""glutes"":0.4}",false,10,50,false,[],hinge,controlled,,,false
,Overhead Carry,Hold weight overhead with arm locked out. Walk while keeping ribs down and shoulder stable.,7,"[""anterior_deltoids""]","[""triceps"",""traps"",""abs"",""rotator_cuff""]","{""triceps"":0.5,""traps"":0.4,""abs"":0.6,""rotator_cuff"":0.5}",true,15,40,false,"[""dumbbell"",""kettlebell""]",carry,controlled,,,false
,Overhead Press,"Stand with feet shoulder-width. Press bar from shoulder level to overhead. Keep core tight, slight lean back at top. Lower with control.",8,"[""anterior_deltoids""]","[""upper_chest"",""core"",""triceps""]","{""abs"":0.3,""triceps"":0.7,""upper_chest"":0.3}",false,30,60,false,"[""barbell""]",push,explosive,,,false
,Overhead Tricep Extension,"Stand or sit holding weight overhead. Lower weight behind head by bending elbows, then extend back up.",5,"[""triceps""]",[],{},false,15,40,false,"[""dumbbell"",""cable_machine""]",push,controlled,,,false
,Overhead Triceps Stretch,"Raise one arm overhead, bend elbow, and gently pull elbow back with opposite hand.",2,"[""triceps""]","[""lats"",""shoulders""]","{""lats"":0.2,""shoulders"":0.2}",true,5,40,true,[],stretch,isometric,,,true
,Pallof Press,"Stand sideways to cable or band. Press handle straight out while resisting rotation, then return.",5,"[""obliques""]","[""abs"",""glutes"",""anterior_deltoids""]","{""abs"":0.6,""glutes"":0.3,""anterior_deltoids"":0.2}",false,15,35,false,"[""cable_machine"",""resistance_band""]",anti-rotation,controlled,,,false
,Pec Deck Fly,"Sit with elbows or forearms on pads. Bring arms together in front of chest, then open slowly.",5,"[""chest""]","[""anterior_deltoids""]","{""anterior_deltoids"":0.3}",false,15,40,false,"[""pec_deck_machine""]",push,controlled,,,false
,Pendulum Squat,"Set shoulders under pads. Lower into deep squat on pendulum machine, then drive up through platform.",8,"[""quads""]","[""glutes"",""hamstrings""]","{""glutes"":0.6,""hamstrings"":0.3}",false,20,60,false,"[""pendulum_squat_machine""]",squat,controlled,,,false
,Pigeon Pose,Bring one shin forward on floor and extend other leg back. Fold forward for glute stretch.,2,"[""glutes""]","[""piriformis"",""hip_flexors""]","{""piriformis"":0.7,""hip_flexors"":0.3}",true,5,60,true,[],stretch,isometric,,,true
,Pike Push Up,"Start in downward dog position. Lower head toward ground by bending elbows, then push back up. Targets shoulders and triceps.",7,"[""anterior_deltoids""]","[""upper_chest"",""traps"",""serratus_anterior""]","{""traps"":0.4,""triceps"":0.7,""upper_chest"":0.4,""serratus_anterior"":0.4}",false,5,40,false,[],push,controlled,,,false
,Pistol Squat,"Single leg squat. Lower on one leg while extending other leg forward. Descend until thigh parallel, then stand explosively.",8,"[""quads""]","[""glutes"",""calves"",""abs"",""hamstrings""]","{""abs"":0.5,""calves"":0.5,""glutes"":0.8,""hamstrings"":0.3}",true,10,50,false,[],squat,controlled,,,false
,Plank Shoulder Tap,Hold high plank and tap opposite shoulder with one hand while resisting hip rotation.,6,"[""obliques""]","[""abs"",""anterior_deltoids"",""serratus_anterior""]","{""abs"":0.6,""anterior_deltoids"":0.4,""serratus_anterior"":0.3}",false,5,35,false,[],anti-rotation,controlled,,,false
,Plate Pinch Hold,Pinch weight plates between fingers and thumb. Hold for time while standing tall.,4,"[""forearms""]","[""traps""]","{""traps"":0.2}",false,10,30,false,"[""weight_plate""]",carry,isometric,,,false
,Plyometric Push Up,"Lower into a push-up, then press explosively so hands leave the floor. Land softly and repeat.",9,"[""chest""]","[""triceps"",""anterior_deltoids"",""abs""]","{""triceps"":0.7,""anterior_deltoids"":0.6,""abs"":0.4}",false,5,30,false,[],push,explosive,,,false
,Power Clean,Pull bar explosively from floor and receive it on shoulders in a partial squat.,10,"[""glutes""]","[""hamstrings"",""quads"",""traps"",""forearms"",""abs""]","{""hamstrings"":0.6,""quads"":0.6,""traps"":0.7,""forearms"":0.5,""abs"":0.4}",false,45,60,false,"[""barbell""]",hinge,explosive,,,false
,Power Snatch,"Pull bar from floor to overhead in one motion, receiving in a partial squat.",10,"[""glutes""]","[""hamstrings"",""quads"",""traps"",""anterior_deltoids"",""abs""]","{""hamstrings"":0.6,""quads"":0.5,""traps"":0.7,""anterior_deltoids"":0.5,""abs"":0.5}",false,45,60,false,"[""barbell""]",hinge,explosive,,,false
,Preacher Curl,"Rest upper arms on preacher pad. Curl weight up, squeeze biceps, then lower under control.",5,"[""biceps""]","[""forearms""]","{""forearms"":0.4}",false,15,40,false,"[""preacher_curl_bench"",""ez_bar""]",pull,controlled,,,false
,Prone Leg Curl,"Lie face-down on leg curl machine. Curl heels toward glutes, pause, then lower with control.",5,"[""hamstrings""]","[""calves""]","{""calves"":0.2}",false,15,40,false,"[""leg_curl_machine""]",hinge,controlled,,,false
,Pull Up,"Standard pull-up with neutral or overhand grip. Pull body up until chin clears bar, focus on lat engagement. Lower with control.",9,"[""lats""]","[""biceps"",""traps"",""posterior_deltoids"",""forearms""]","{""traps"":0.4,""biceps"":0.6,""upper_back"":0.5}",false,10,45,false,"[""pull_up_bar""]",pull,controlled,,,false
,Pull Up (Overhand),"Hang from bar with overhand grip, hands wider than shoulders. Pull body up until chin clears bar. Lower with control.",9,"[""lats""]","[""traps"",""posterior_deltoids"",""forearms""]","{""traps"":0.6,""biceps"":0.5,""forearms"":0.4,""posterior_deltoids"":0.4}",false,10,45,false,"[""pull_up_bar""]",pull,controlled,,,false
,Pull Up (Wide Grip),"Wide overhand grip, hands 1.5x shoulder width. Pull up focusing on lats. Lower slowly to maximize time under tension.",9,"[""lats""]","[""traps"",""forearms""]","{""traps"":0.7,""biceps"":0.4,""forearms"":0.5}",false,10,50,false,"[""pull_up_bar""]",pull,controlled,,,false
,Push Jerk,"Dip with knees, drive bar overhead, and receive with arms locked and knees bent.",9,"[""anterior_deltoids""]","[""triceps"",""quads"",""glutes"",""abs""]","{""triceps"":0.7,""quads"":0.5,""glutes"":0.5,""abs"":0.5}",false,35,50,false,"[""barbell""]",push,explosive,,,false
,Push Press,"Hold bar at shoulders. Dip slightly with knees, drive upward, and press bar overhead.",9,"[""anterior_deltoids""]","[""triceps"",""quads"",""glutes"",""abs""]","{""triceps"":0.7,""quads"":0.5,""glutes"":0.4,""abs"":0.4}",false,35,50,false,"[""barbell""]",push,explosive,,,false
,Push Up,"Start in plank position. Lower body until chest nearly touches ground, then push up explosively. Keep body straight from head to heels.",7,"[""chest""]","[""anterior_deltoids"",""abs"",""serratus_anterior""]","{""abs"":0.5,""triceps"":0.6,""anterior_deltoids"":0.7,""serratus_anterior"":0.5}",false,5,30,false,[],push,controlled,,,false
,Rear Delt Fly (Dumbbell),"Hinge forward with dumbbells hanging. Raise arms out to sides, squeeze rear delts, then lower.",5,"[""posterior_deltoids""]","[""upper_back"",""traps""]","{""upper_back"":0.6,""traps"":0.4}",false,10,40,false,"[""dumbbells""]",pull,controlled,,,false
,Reverse Crunch,"Lie on back with knees bent. Curl hips upward toward ribs, then lower with control.",5,"[""abs""]","[""hip_flexors""]","{""hip_flexors"":0.3}",false,5,35,false,[],anti-rotation,controlled,,,false
,Reverse Curl,"Hold bar with overhand grip. Curl toward shoulders, emphasizing brachialis and forearms.",5,"[""forearms""]","[""biceps""]","{""biceps"":0.5}",false,10,40,false,"[""barbell"",""ez_bar""]",pull,controlled,,,false
,Reverse Hyperextension,"Lie face-down on reverse hyper machine. Swing legs upward by extending hips, then lower.",6,"[""glutes""]","[""hamstrings"",""lower_back""]","{""hamstrings"":0.6,""lower_back"":0.5}",false,20,45,false,"[""reverse_hyper_machine""]",hinge,controlled,,,false
,Reverse Lunge,"Step backward into a lunge, lower under control, then drive through front foot to stand.",7,"[""quads""]","[""glutes"",""hamstrings"",""calves""]","{""glutes"":0.7,""hamstrings"":0.4,""calves"":0.2}",true,10,50,false,"[""dumbbells""]",lunge,controlled,,,false
,Reverse Nordic Curl,"Kneel upright. Lean back with control, resisting with quads and hip flexors. Return to upright position.",7,"[""quads""]","[""hip_flexors"",""abs""]","{""abs"":0.3,""hip_flexors"":0.6}",false,10,45,false,[],hinge,controlled,,,false
,Reverse Pec Deck Fly,"Sit facing a pec deck machine. Pull handles apart until arms line with shoulders, then return slowly.",5,"[""posterior_deltoids""]","[""upper_back"",""traps""]","{""upper_back"":0.6,""traps"":0.4}",false,15,40,false,"[""pec_deck_machine""]",pull,controlled,,,false
,Reverse Plank,Sit with hands behind hips and legs straight. Lift hips until body forms a line and hold.,5,"[""glutes""]","[""hamstrings"",""posterior_deltoids"",""lower_back""]","{""hamstrings"":0.4,""posterior_deltoids"":0.4,""lower_back"":0.3}",false,5,30,true,[],hinge,isometric,,,false
,Reverse Wrist Curl,"Rest forearms on bench with palms down. Extend wrists upward, then lower under control.",3,"[""forearms""]",[],{},false,10,35,false,"[""dumbbells"",""bench""]",pull,controlled,,,false
,Ring Push Up,"Hold gymnastics rings or straps in a push-up position. Lower chest between hands, then press up while stabilizing.",8,"[""chest""]","[""triceps"",""anterior_deltoids"",""abs"",""serratus_anterior""]","{""triceps"":0.6,""anterior_deltoids"":0.6,""abs"":0.6,""serratus_anterior"":0.5}",false,15,45,false,"[""gymnastic_rings""]",push,controlled,,,false
,Romanian Deadlift (RDL),"Stand holding bar. Hinge at hips, lower bar along legs until hamstring stretch. Drive hips forward to return to standing.",9,"[""hamstrings""]","[""glutes"",""lower_back"",""forearms""]","{""glutes"":0.8,""forearms"":0.5,""lower_back"":0.6}",false,40,90,false,"[""barbell""]",hinge,controlled,,,false
,Rowing Machine,"Drive with legs, swing torso, then pull handle to ribs. Reverse smoothly for each stroke.",8,"[""quads""]","[""lats"",""upper_back"",""glutes"",""hamstrings"",""biceps""]","{""lats"":0.6,""upper_back"":0.6,""glutes"":0.5,""hamstrings"":0.5,""biceps"":0.4}",false,15,300,true,"[""rowing_machine""]",cardio,controlled,,,false
,Russian Twist,Sit with torso leaned back. Rotate weight or hands side to side while bracing core.,5,"[""obliques""]","[""abs"",""hip_flexors""]","{""abs"":0.6,""hip_flexors"":0.3}",false,5,40,false,"[""medicine_ball""]",rotation,controlled,,,false
,Scapular Pull Up,"Hang from pull-up bar. Keep arms straight and pull shoulder blades down, then relax under control.",4,"[""lower_traps""]","[""lats"",""forearms"",""serratus_anterior""]","{""lats"":0.5,""forearms"":0.3,""serratus_anterior"":0.3}",false,10,35,false,"[""pull_up_bar""]",pull,controlled,,,false
,Scissor Kicks,Lie on back with legs straight. Cross legs over each other in alternating scissor motion.,5,"[""abs""]","[""hip_flexors"",""adductors""]","{""hip_flexors"":0.6,""adductors"":0.3}",false,5,35,false,[],anti-rotation,controlled,,,false
,Seated Cable Row,"Seated with feet braced. Pull handle to lower chest/upper abdomen, squeeze shoulder blades together. Return with control.",8,"[""upper_back""]","[""lats"",""traps"",""biceps"",""posterior_deltoids""]","{""lats"":0.7,""traps"":0.7,""biceps"":0.5,""posterior_deltoids"":0.5}",false,20,45,false,"[""cable_machine""]",pull,controlled,,,false
,Seated Calf Raise,"Sit with knees bent and pads on thighs. Raise heels, pause, then lower under control.",4,"[""soleus""]","[""calves""]","{""calves"":0.5}",false,15,40,false,"[""seated_calf_raise_machine""]",squat,controlled,,,false
,Seated Chest Press (Cable),"Sit between cable handles at chest level. Press forward and together, then return slowly.",7,"[""chest""]","[""triceps"",""anterior_deltoids""]","{""triceps"":0.5,""anterior_deltoids"":0.5}",false,25,45,false,"[""cable_machine"",""bench""]",push,controlled,,,false
,Seated Figure Four Stretch,"Sit upright, cross ankle over opposite knee, and hinge forward until glute stretches.",2,"[""glutes""]","[""piriformis""]","{""piriformis"":0.7}",true,5,45,true,[],stretch,isometric,,,true
,Seated Hamstring Stretch,Sit with one or both legs extended. Hinge forward from hips until hamstrings stretch.,2,"[""hamstrings""]","[""calves"",""lower_back""]","{""calves"":0.3,""lower_back"":0.2}",false,5,45,true,[],stretch,isometric,,,true
,Seated Shoulder Press (Barbell),"Sit with bar at upper chest. Press overhead without excessive back arch, then lower with control.",8,"[""anterior_deltoids""]","[""triceps"",""lateral_deltoids"",""upper_chest""]","{""triceps"":0.7,""lateral_deltoids"":0.6,""upper_chest"":0.3}",false,35,60,false,"[""barbell"",""bench""]",push,controlled,,,false
,Seated Spinal Twist,"Sit tall, cross one leg, and rotate torso toward bent knee while breathing steadily.",2,"[""obliques""]","[""upper_back"",""glutes""]","{""upper_back"":0.4,""glutes"":0.3}",true,5,45,true,[],stretch,isometric,,,true
,Shoulder Press (Dumbbell),"Sit or stand with dumbbells at shoulder height. Press overhead, then lower under control.",8,"[""anterior_deltoids""]","[""triceps"",""lateral_deltoids"",""upper_chest""]","{""triceps"":0.7,""lateral_deltoids"":0.6,""upper_chest"":0.3}",false,15,55,false,"[""dumbbells""]",push,controlled,,,false
,Side Plank,"Lie on side, support body on one forearm and side of foot. Hold straight line, engage obliques and glute medius.",6,"[""obliques""]","[""glute_medius"",""anterior_deltoids""]","{""glute_medius"":0.6,""anterior_deltoids"":0.4}",false,5,30,true,[],anti-rotation,isometric,,,false
,Side-Lying Quad Stretch,"Lie on side, grasp top ankle, and draw heel toward glute for a quad stretch.",2,"[""quads""]","[""hip_flexors""]","{""hip_flexors"":0.3}",true,5,45,true,[],stretch,isometric,,,true
,Single-Arm Cable Row,"Sit or stand holding one cable handle. Pull elbow back toward ribs, then return with control.",6,"[""lats""]","[""upper_back"",""biceps"",""obliques""]","{""upper_back"":0.6,""biceps"":0.5,""obliques"":0.4}",true,15,45,false,"[""cable_machine""]",pull,controlled,,,false
,Single-Arm Cable Tricep Pushdown,"Use one cable handle. Extend elbow downward, pause, then return without moving upper arm.",4,"[""triceps""]",[],{},true,15,35,false,"[""cable_machine""]",push,controlled,,,false
,Single-Arm Dumbbell Row,"Support one hand and knee on bench. Row dumbbell toward hip, then lower fully.",7,"[""lats""]","[""upper_back"",""biceps"",""forearms"",""obliques""]","{""upper_back"":0.6,""biceps"":0.5,""forearms"":0.4,""obliques"":0.3}",true,15,50,false,"[""dumbbell"",""bench""]",pull,controlled,,,false
,Single-Arm Landmine Press,Stand with landmine bar at one shoulder. Press up and forward with one arm while resisting rotation.,7,"[""anterior_deltoids""]","[""triceps"",""upper_chest"",""obliques"",""serratus_anterior""]","{""triceps"":0.6,""upper_chest"":0.5,""obliques"":0.5,""serratus_anterior"":0.4}",true,20,45,false,"[""barbell"",""landmine_attachment""]",push,controlled,,,false
,Single-Leg Glute Bridge,"Lie on back with one foot planted. Lift hips using one leg, squeeze glute, then lower.",5,"[""glutes""]","[""hamstrings"",""glute_medius"",""abs""]","{""hamstrings"":0.5,""glute_medius"":0.4,""abs"":0.3}",true,5,40,false,[],hinge,controlled,,,false
,Single-Leg Romanian Deadlift,"Stand on one leg holding weight. Hinge forward while back leg reaches behind, then return upright.",8,"[""hamstrings""]","[""glutes"",""glute_medius"",""lower_back"",""forearms""]","{""glutes"":0.8,""glute_medius"":0.5,""lower_back"":0.4,""forearms"":0.3}",true,10,55,false,"[""dumbbells""]",hinge,controlled,,,false
,Sissy Squat,Keep hips extended while knees travel forward. Lower with control and return by extending knees.,7,"[""quads""]","[""abs"",""hip_flexors""]","{""abs"":0.4,""hip_flexors"":0.3}",false,10,45,false,"[""sissy_squat_machine""]",squat,controlled,,,false
,Skullcrusher,"Lie on bench, hold weight overhead. Lower weight toward forehead by bending elbows, then extend explosively.",6,"[""triceps""]","[""lats""]","{""lats"":0.2}",false,20,45,false,"[""barbell"",""dumbbells"",""bench""]",push,controlled,,,false
,Sled Pull,Attach straps to sled and walk backward or forward pulling sled under control.,8,"[""quads""]","[""glutes"",""hamstrings"",""upper_back"",""forearms""]","{""glutes"":0.6,""hamstrings"":0.5,""upper_back"":0.4,""forearms"":0.4}",false,20,45,false,"[""sled"",""straps""]",pull,controlled,,,false
,Sled Push,Push sled handles forward with strong leg drive and braced torso.,9,"[""quads""]","[""glutes"",""calves"",""hamstrings"",""abs""]","{""glutes"":0.7,""calves"":0.5,""hamstrings"":0.4,""abs"":0.4}",false,20,45,false,"[""sled""]",squat,explosive,,,false
,Smith Machine Squat,Position bar on upper back in Smith machine. Squat down and press up through feet.,8,"[""quads""]","[""glutes"",""hamstrings""]","{""glutes"":0.6,""hamstrings"":0.3}",false,25,60,false,"[""smith_machine""]",squat,controlled,,,false
,Soleus Wall Stretch,Stand facing wall with back knee bent and heel down. Lean forward to stretch lower calf.,2,"[""soleus""]","[""calves""]","{""calves"":0.4}",true,5,45,true,"[""wall""]",stretch,isometric,,,true
,Sphinx Stretch,Lie face-down on forearms and gently lift chest while hips stay on floor.,2,"[""abs""]","[""hip_flexors"",""lower_back""]","{""hip_flexors"":0.3,""lower_back"":0.2}",false,5,45,true,[],stretch,isometric,,,true
,Spider Curl,"Lie chest-down on an incline bench. Curl dumbbells or bar upward, then lower fully.",5,"[""biceps""]","[""forearms""]","{""forearms"":0.4}",false,15,40,false,"[""dumbbells"",""incline_bench""]",pull,controlled,,,false
,Split Squat,"Stand in split stance. Lower back knee toward floor, then drive through front foot to stand.",7,"[""quads""]","[""glutes"",""hamstrings"",""calves""]","{""glutes"":0.7,""hamstrings"":0.3,""calves"":0.2}",true,10,50,false,"[""dumbbells""]",lunge,controlled,,,false
,Squat (Barbell),"Bar on upper back, feet shoulder-width. Descend until thighs parallel to floor, knees track over toes. Drive through heels to stand.",10,"[""quads""]","[""glutes"",""lower_back"",""core""]","{""abs"":0.3,""glutes"":0.7,""lower_back"":0.4}",false,45,90,false,"[""barbell"",""squat_rack""]",squat,controlled,,,false
,Squat Jump,"Lower into a squat, jump upward explosively, land softly, and repeat.",9,"[""quads""]","[""glutes"",""calves"",""hamstrings""]","{""glutes"":0.7,""calves"":0.6,""hamstrings"":0.4}",false,5,30,false,[],squat,explosive,,,false
,Squat Pry,Hold deep squat and gently shift side to side or press knees outward with elbows.,3,"[""adductors""]","[""glutes"",""calves"",""ankles""]","{""glutes"":0.4,""calves"":0.3,""ankles"":0.3}",false,5,60,true,[],stretch,controlled,,,true
,Stair Climber,Step continuously on stair climber while keeping torso tall and controlled foot placement.,7,"[""quads""]","[""glutes"",""hamstrings"",""calves""]","{""glutes"":0.6,""hamstrings"":0.3,""calves"":0.4}",false,15,300,true,"[""stair_climber""]",cardio,controlled,,,false
,Standing Cable Chest Press,Stand staggered between cable handles. Press handles forward from chest height while bracing core.,7,"[""chest""]","[""triceps"",""anterior_deltoids"",""abs""]","{""triceps"":0.5,""anterior_deltoids"":0.5,""abs"":0.4}",false,20,45,false,"[""cable_machine""]",push,controlled,,,false
,Standing Calf Raise,"Stand with balls of feet on platform. Raise heels high, pause, then lower into stretch.",5,"[""calves""]","[""soleus""]","{""soleus"":0.4}",false,15,40,false,"[""standing_calf_raise_machine""]",squat,controlled,,,false
,Standing Hamstring Stretch,"Stand tall, place one heel forward, hinge at hips, and hold a gentle hamstring stretch.",2,"[""hamstrings""]","[""calves""]","{""calves"":0.3}",true,5,45,true,[],stretch,isometric,,,true
,Standing Lat Stretch,"Hold a rack or post, sit hips back, and lean away until side/back stretches.",2,"[""lats""]","[""obliques"",""upper_back""]","{""obliques"":0.3,""upper_back"":0.3}",true,5,45,true,"[""squat_rack""]",stretch,isometric,,,true
,Standing Leg Curl,"Use standing leg curl machine. Curl heel toward glute, pause, then lower slowly.",4,"[""hamstrings""]","[""calves""]","{""calves"":0.2}",true,15,35,false,"[""leg_curl_machine""]",hinge,controlled,,,false
,Standing Quad Stretch,Stand on one leg and pull opposite heel toward glute while keeping knees close.,2,"[""quads""]","[""hip_flexors""]","{""hip_flexors"":0.3}",true,5,40,true,[],stretch,isometric,,,true
,Stationary Bike,Pedal on stationary bike at chosen resistance while keeping a smooth cadence.,6,"[""quads""]","[""glutes"",""hamstrings"",""calves""]","{""glutes"":0.4,""hamstrings"":0.4,""calves"":0.3}",false,15,300,true,"[""stationary_bike""]",cardio,controlled,,,false
,Step Up,"Place one foot on a box or bench. Drive through front foot to stand tall, then step down.",7,"[""quads""]","[""glutes"",""hamstrings"",""calves""]","{""glutes"":0.7,""hamstrings"":0.3,""calves"":0.3}",true,10,50,false,"[""box"",""dumbbells""]",lunge,controlled,,,false
,Stiff-Leg Deadlift,"Hold bar with minimal knee bend. Hinge at hips until hamstrings stretch, then stand tall.",8,"[""hamstrings""]","[""glutes"",""lower_back"",""forearms""]","{""glutes"":0.7,""lower_back"":0.6,""forearms"":0.4}",false,35,70,false,"[""barbell""]",hinge,controlled,,,false
,Stir the Pot,Place forearms on stability ball in plank. Move elbows in small circles while bracing core.,6,"[""abs""]","[""obliques"",""anterior_deltoids"",""lats""]","{""obliques"":0.6,""anterior_deltoids"":0.3,""lats"":0.3}",false,10,35,false,"[""stability_ball""]",anti-rotation,controlled,,,false
,Straight-Arm Pulldown,"Stand facing high cable. Pull straight arms down toward thighs, then return slowly.",5,"[""lats""]","[""triceps"",""abs"",""serratus_anterior""]","{""triceps"":0.3,""abs"":0.3,""serratus_anterior"":0.3}",false,15,40,false,"[""cable_machine""]",pull,controlled,,,false
,Suitcase Carry,Hold one heavy weight at side. Walk tall while resisting leaning toward the weight.,6,"[""obliques""]","[""forearms"",""traps"",""glutes""]","{""forearms"":0.7,""traps"":0.4,""glutes"":0.3}",true,10,45,false,"[""dumbbell"",""kettlebell""]",carry,controlled,,,false
,Sumo Deadlift,Use a wide stance with hands inside knees. Pull bar from floor by driving hips forward and standing tall.,9,"[""glutes""]","[""hamstrings"",""quads"",""lower_back"",""forearms"",""adductors""]","{""hamstrings"":0.7,""quads"":0.6,""lower_back"":0.6,""forearms"":0.5,""adductors"":0.6}",false,45,90,false,"[""barbell""]",hinge,controlled,,,false
,Sumo Squat,"Stand with wide stance and toes turned out. Squat down between legs, then stand tall.",7,"[""glutes""]","[""quads"",""adductors"",""hamstrings""]","{""quads"":0.6,""adductors"":0.7,""hamstrings"":0.3}",false,10,50,false,"[""dumbbell"",""kettlebell""]",squat,controlled,,,false
,Superman Hold,"Lie face down, lift arms and legs simultaneously. Hold position, squeeze glutes and lower back. Lower with control.",6,"[""lower_back""]","[""glutes"",""hamstrings"",""posterior_deltoids""]","{""glutes"":0.7,""hamstrings"":0.5,""posterior_deltoids"":0.4}",false,5,30,true,[],hinge,isometric,,,false
,Svend Press,"Hold a plate between palms at chest height. Press forward while squeezing the plate, then pull back.",4,"[""chest""]","[""anterior_deltoids"",""triceps""]","{""anterior_deltoids"":0.4,""triceps"":0.4}",false,10,40,false,"[""weight_plate""]",push,controlled,,,false
,T-Bar Row,"Straddle a T-bar or landmine row handle. Pull weight toward lower chest, then lower with control.",8,"[""upper_back""]","[""lats"",""biceps"",""lower_back"",""forearms""]","{""lats"":0.7,""biceps"":0.5,""lower_back"":0.5,""forearms"":0.4}",false,25,60,false,"[""barbell"",""landmine_attachment""]",pull,controlled,,,false
,Thoracic Open Book,Lie on side with knees bent. Rotate top arm open across body and follow with eyes.,3,"[""upper_back""]","[""chest"",""obliques""]","{""chest"":0.4,""obliques"":0.4}",true,5,45,true,[],stretch,controlled,,,true
,Thread the Needle Stretch,"From hands and knees, slide one arm under body and rotate chest toward floor.",2,"[""upper_back""]","[""posterior_deltoids"",""traps""]","{""posterior_deltoids"":0.3,""traps"":0.3}",true,5,45,true,[],stretch,isometric,,,true
,Tibialis Raise,"Lean against wall with heels down. Lift toes toward shins, pause, then lower.",3,"[""tibialis_anterior""]","[""calves""]","{""calves"":0.2}",false,5,35,false,[],squat,controlled,,,false
,Toe Touch Crunch,Lie on back with legs raised. Reach hands toward toes by curling shoulders upward.,4,"[""abs""]","[""hip_flexors""]","{""hip_flexors"":0.3}",false,5,35,false,[],anti-rotation,controlled,,,false
,Trap Bar Deadlift,"Stand inside trap bar. Push floor away and stand tall, then lower with hips and knees bending.",9,"[""glutes""]","[""quads"",""hamstrings"",""lower_back"",""forearms""]","{""quads"":0.7,""hamstrings"":0.6,""lower_back"":0.5,""forearms"":0.5}",false,40,90,false,"[""trap_bar""]",hinge,controlled,,,false
,Trap Bar Shrug,"Stand inside trap bar and hold handles. Shrug shoulders up, pause, and lower with control.",5,"[""traps""]","[""forearms"",""upper_back""]","{""forearms"":0.4,""upper_back"":0.3}",false,20,40,false,"[""trap_bar""]",pull,controlled,,,false
,Treadmill Run,Run on treadmill at chosen speed while maintaining upright posture and steady cadence.,8,"[""quads""]","[""glutes"",""hamstrings"",""calves"",""hip_flexors""]","{""glutes"":0.5,""hamstrings"":0.5,""calves"":0.6,""hip_flexors"":0.4}",false,15,300,true,"[""treadmill""]",cardio,controlled,,,false
,Tricep Extension Machine,"Sit at tricep machine with elbows on pad. Extend arms, then return with control.",5,"[""triceps""]",[],{},false,15,40,false,"[""tricep_extension_machine""]",push,controlled,,,false
,Tricep Pushdown,"Stand at cable machine, rope attachment. Push down until arms fully extended, squeeze triceps. Return with control.",5,"[""triceps""]",[],{},false,15,35,false,"[""cable_machine""]",push,controlled,,,false
,Tricep Rope Pushdown,"Attach rope to high cable. Extend elbows down and apart, then return with control.",5,"[""triceps""]",[],{},false,15,40,false,"[""cable_machine"",""rope_attachment""]",push,controlled,,,false
,TRX Row,"Hold suspension handles and lean back. Pull chest toward handles, then lower with a straight body.",6,"[""upper_back""]","[""lats"",""biceps"",""posterior_deltoids"",""abs""]","{""lats"":0.5,""biceps"":0.5,""posterior_deltoids"":0.5,""abs"":0.3}",false,15,45,false,"[""suspension_trainer""]",pull,controlled,,,false
,Turkish Get-Up,"Move from lying to standing while holding a weight overhead, then reverse the sequence.",8,"[""abs""]","[""obliques"",""anterior_deltoids"",""triceps"",""glutes"",""rotator_cuff""]","{""obliques"":0.6,""anterior_deltoids"":0.5,""triceps"":0.4,""glutes"":0.5,""rotator_cuff"":0.5}",true,15,90,false,"[""kettlebell"",""dumbbell""]",carry,controlled,,,false
,Upper Trap Stretch,"Sit tall, gently tilt head to one side, and hold stretch along side of neck.",2,"[""traps""]","[""neck""]","{""neck"":0.5}",true,5,30,true,[],stretch,isometric,,,true
,Upright Row,"Hold bar or dumbbells in front. Pull elbows upward to chest height, then lower carefully.",5,"[""lateral_deltoids""]","[""traps"",""biceps"",""forearms""]","{""traps"":0.6,""biceps"":0.3,""forearms"":0.3}",false,10,40,false,"[""barbell"",""dumbbells""]",pull,controlled,,,false
,V-Sit,"Sit on floor, lean back and lift legs to form V shape. Hold position, balance on glutes. Advanced core exercise.",7,"[""abs""]","[""hip_flexors"",""quads""]","{""quads"":0.3,""hip_flexors"":0.9}",false,5,30,true,[],anti-rotation,isometric,,,false
,Walking Lunge,"Step forward into lunge position, lower until both knees at 90 degrees. Push through front heel, step forward with back leg.",7,"[""quads""]","[""hamstrings"",""calves""]","{""calves"":0.4,""hamstrings"":0.5}",true,15,60,false,"[""dumbbells""]",lunge,controlled,,,false
,Wall Ball Shot,"Hold medicine ball at chest, squat, then explosively stand and throw ball to wall target.",9,"[""quads""]","[""glutes"",""anterior_deltoids"",""triceps"",""abs""]","{""glutes"":0.6,""anterior_deltoids"":0.6,""triceps"":0.4,""abs"":0.4}",false,10,45,false,"[""medicine_ball"",""wall""]",squat,explosive,,,false
,Wall Sit,Lean back against wall and slide down until knees are bent. Hold the seated position for time.,5,"[""quads""]","[""glutes"",""calves""]","{""glutes"":0.4,""calves"":0.2}",false,5,45,true,[],squat,isometric,,,false
,Wide Push Up,"Set hands wider than shoulders. Lower chest toward floor and press up, emphasizing chest.",7,"[""chest""]","[""triceps"",""anterior_deltoids"",""abs""]","{""triceps"":0.4,""anterior_deltoids"":0.5,""abs"":0.3}",false,5,35,false,[],push,controlled,,,false
,Wide-Grip Lat Pulldown,"Grip pulldown bar wide. Pull bar to upper chest while driving elbows down, then return slowly.",7,"[""lats""]","[""biceps"",""upper_back"",""forearms""]","{""biceps"":0.5,""upper_back"":0.5,""forearms"":0.3}",false,15,45,false,"[""lat_pulldown_machine""]",pull,controlled,,,false
,Windshield Wiper,Hang from bar or lie on floor. Rotate legs side to side while controlling the torso.,8,"[""obliques""]","[""abs"",""lats"",""hip_flexors""]","{""abs"":0.7,""lats"":0.4,""hip_flexors"":0.5}",false,10,35,false,"[""pull_up_bar""]",rotation,controlled,,,false
,World's Greatest Stretch,"Step into deep lunge, place hands down, rotate chest toward front leg, and repeat.",3,"[""hip_flexors""]","[""hamstrings"",""glutes"",""upper_back"",""adductors""]","{""hamstrings"":0.4,""glutes"":0.4,""upper_back"":0.4,""adductors"":0.3}",true,5,60,true,[],stretch,controlled,,,true
,Wrist Curl,"Rest forearms on bench with palms up. Curl wrists upward, then lower slowly.",3,"[""forearms""]",[],{},false,10,35,false,"[""dumbbells"",""bench""]",pull,controlled,,,false
,Wrist Extensor Stretch,Extend arm with palm down and gently pull fingers toward body to stretch top forearm.,2,"[""forearms""]",[],{},true,5,30,true,[],stretch,isometric,,,true
,Wrist Flexor Stretch,Extend arm with palm up and gently pull fingers downward/back with opposite hand.,2,"[""forearms""]",[],{},true,5,30,true,[],stretch,isometric,,,true
,Z Press,Sit on floor with legs straight and bar at shoulders. Press overhead while keeping torso upright.,8,"[""anterior_deltoids""]","[""triceps"",""abs"",""lower_back""]","{""triceps"":0.7,""abs"":0.6,""lower_back"":0.4}",false,30,50,false,"[""barbell""]",push,controlled,,,false
,Zercher Squat,"Hold bar in crooks of elbows. Squat with upright torso, then drive up through feet.",8,"[""quads""]","[""glutes"",""upper_back"",""abs"",""biceps""]","{""glutes"":0.7,""upper_back"":0.6,""abs"":0.6,""biceps"":0.2}",false,40,70,false,"[""barbell"",""squat_rack""]",squat,controlled,,,false
,Zottman Curl,"Curl dumbbells up with palms up, rotate palms down, then lower under control.",5,"[""biceps""]","[""forearms""]","{""forearms"":0.6}",false,10,40,false,"[""dumbbells""]",pull,controlled,,,false
,Bar Muscle-Up,Pull explosively over a straight bar and press to support with controlled turnover.,9,"[""lats""]","[""biceps"",""triceps"",""chest"",""anterior_deltoids"",""abs""]","{""biceps"":0.7,""triceps"":0.7,""chest"":0.6,""anterior_deltoids"":0.6,""abs"":0.5}",false,20,45,false,"[""pull_up_bar""]",calisthenics_skill,explosive,,,false
,Ring Muscle-Up,"Pull from rings into a deep transition, then press to a stable ring support.",10,"[""lats""]","[""biceps"",""triceps"",""chest"",""anterior_deltoids"",""abs""]","{""biceps"":0.8,""triceps"":0.8,""chest"":0.7,""anterior_deltoids"":0.7,""abs"":0.6}",false,30,50,false,"[""gymnastic_rings""]",calisthenics_skill,explosive,,,false
,Strict Muscle-Up,"Perform a muscle-up without leg drive, emphasizing pulling strength and a smooth transition.",10,"[""lats""]","[""biceps"",""triceps"",""chest"",""anterior_deltoids"",""abs""]","{""biceps"":0.8,""triceps"":0.7,""chest"":0.6,""anterior_deltoids"":0.6,""abs"":0.6}",false,25,50,false,"[""pull_up_bar""]",calisthenics_skill,explosive,,,false
,Kipping Muscle-Up,Use coordinated hip drive to assist the pull and transition over the bar or rings.,8,"[""lats""]","[""biceps"",""triceps"",""chest"",""abs"",""hip_flexors""]","{""biceps"":0.6,""triceps"":0.6,""chest"":0.5,""abs"":0.5,""hip_flexors"":0.4}",false,25,45,false,"[""pull_up_bar""]",calisthenics_skill,explosive,,,false
,Tuck Planche Hold,"Hold a tucked planche position with locked arms, protracted shoulders, and hips lifted.",9,"[""anterior_deltoids""]","[""chest"",""triceps"",""abs"",""serratus_anterior""]","{""chest"":0.6,""triceps"":0.7,""abs"":0.8,""serratus_anterior"":0.7}",false,15,30,true,"[""parallettes""]",calisthenics_skill,isometric,,,false
,Advanced Tuck Planche Hold,Hold a planche progression with knees tucked but hips extended farther behind the body.,10,"[""anterior_deltoids""]","[""chest"",""triceps"",""abs"",""serratus_anterior""]","{""chest"":0.7,""triceps"":0.8,""abs"":0.8,""serratus_anterior"":0.7}",false,15,30,true,"[""parallettes""]",calisthenics_skill,isometric,,,false
,Straddle Planche Hold,Hold a straddle planche with straight arms and legs spread to reduce leverage demand.,10,"[""anterior_deltoids""]","[""chest"",""triceps"",""abs"",""glutes"",""serratus_anterior""]","{""chest"":0.7,""triceps"":0.8,""abs"":0.9,""glutes"":0.4,""serratus_anterior"":0.7}",false,20,25,true,"[""parallettes""]",calisthenics_skill,isometric,,,false
,Full Planche Hold,Hold a full planche with straight arms and body parallel to the floor.,10,"[""anterior_deltoids""]","[""chest"",""triceps"",""abs"",""glutes"",""serratus_anterior""]","{""chest"":0.8,""triceps"":0.8,""abs"":0.9,""glutes"":0.5,""serratus_anterior"":0.8}",false,25,20,true,"[""parallettes""]",calisthenics_skill,isometric,,,false
,Planche Lean,Lean shoulders forward past hands while keeping arms straight and body hollow.,6,"[""anterior_deltoids""]","[""chest"",""triceps"",""abs"",""serratus_anterior""]","{""chest"":0.4,""triceps"":0.5,""abs"":0.6,""serratus_anterior"":0.5}",false,10,35,true,"[""parallettes""]",calisthenics_skill,isometric,,,false
,Planche Push-Up,Lower and press from a planche position while maintaining forward lean and body tension.,10,"[""anterior_deltoids""]","[""chest"",""triceps"",""abs"",""serratus_anterior""]","{""chest"":0.8,""triceps"":0.8,""abs"":0.9,""serratus_anterior"":0.7}",false,20,40,false,"[""parallettes""]",calisthenics_skill,controlled,,,false
,Tuck Front Lever Hold,Hang from a bar with knees tucked and torso held nearly horizontal.,8,"[""lats""]","[""abs"",""biceps"",""rear_deltoids"",""lower_back""]","{""abs"":0.8,""biceps"":0.5,""rear_deltoids"":0.5,""lower_back"":0.4}",false,10,30,true,"[""pull_up_bar""]",calisthenics_skill,isometric,,,false
,Advanced Tuck Front Lever Hold,Hold a front lever progression with knees tucked and hips opened farther from the body.,9,"[""lats""]","[""abs"",""biceps"",""rear_deltoids"",""lower_back""]","{""abs"":0.9,""biceps"":0.5,""rear_deltoids"":0.5,""lower_back"":0.5}",false,10,30,true,"[""pull_up_bar""]",calisthenics_skill,isometric,,,false
,Straddle Front Lever Hold,Hold a front lever with legs straight and straddled to reduce leverage demand.,10,"[""lats""]","[""abs"",""biceps"",""rear_deltoids"",""glutes"",""lower_back""]","{""abs"":0.9,""biceps"":0.5,""rear_deltoids"":0.6,""glutes"":0.3,""lower_back"":0.5}",false,15,25,true,"[""pull_up_bar""]",calisthenics_skill,isometric,,,false
,Full Front Lever Hold,Hold a straight-body front lever with body parallel to the floor.,10,"[""lats""]","[""abs"",""biceps"",""rear_deltoids"",""glutes"",""lower_back""]","{""abs"":0.9,""biceps"":0.6,""rear_deltoids"":0.6,""glutes"":0.4,""lower_back"":0.5}",false,15,20,true,"[""pull_up_bar""]",calisthenics_skill,isometric,,,false
,Front Lever Raise,Raise from a dead hang toward a front lever while keeping the body tight and controlled.,9,"[""lats""]","[""abs"",""biceps"",""rear_deltoids"",""hip_flexors""]","{""abs"":0.8,""biceps"":0.5,""rear_deltoids"":0.6,""hip_flexors"":0.4}",false,15,40,false,"[""pull_up_bar""]",calisthenics_skill,controlled,,,false
,Front Lever Row,Row the chest toward the bar while holding a front lever progression.,10,"[""lats""]","[""biceps"",""rear_deltoids"",""abs"",""lower_back""]","{""biceps"":0.7,""rear_deltoids"":0.7,""abs"":0.8,""lower_back"":0.4}",false,15,45,false,"[""pull_up_bar""]",calisthenics_skill,controlled,,,false
,Ice Cream Maker,Move between a pull-up top position and a front lever position under control.,10,"[""lats""]","[""biceps"",""abs"",""rear_deltoids"",""lower_back""]","{""biceps"":0.7,""abs"":0.8,""rear_deltoids"":0.6,""lower_back"":0.4}",false,15,45,false,"[""pull_up_bar""]",calisthenics_skill,controlled,,,false
,Back Lever Hold,Hold a straight-body back lever with arms extended and body parallel to the floor.,9,"[""chest""]","[""anterior_deltoids"",""biceps"",""abs"",""glutes"",""lower_back""]","{""anterior_deltoids"":0.7,""biceps"":0.5,""abs"":0.7,""glutes"":0.4,""lower_back"":0.5}",false,15,25,true,"[""gymnastic_rings""]",calisthenics_skill,isometric,,,false
,Tuck Back Lever Hold,Hold a tucked back lever progression with shoulders extended and hips lifted.,7,"[""chest""]","[""anterior_deltoids"",""biceps"",""abs"",""lower_back""]","{""anterior_deltoids"":0.6,""biceps"":0.4,""abs"":0.6,""lower_back"":0.4}",false,10,30,true,"[""gymnastic_rings""]",calisthenics_skill,isometric,,,false
,Skin the Cat,Rotate through the rings or bar from hang to inverted hang and back with control.,6,"[""lats""]","[""chest"",""anterior_deltoids"",""abs"",""biceps""]","{""chest"":0.5,""anterior_deltoids"":0.5,""abs"":0.6,""biceps"":0.3}",false,15,45,false,"[""gymnastic_rings""]",calisthenics_skill,controlled,,,false
,German Hang Pull-Out,Pull from a German hang back toward an inverted or support position with control.,8,"[""lats""]","[""chest"",""biceps"",""rear_deltoids"",""abs""]","{""chest"":0.5,""biceps"":0.6,""rear_deltoids"":0.5,""abs"":0.5}",false,15,40,false,"[""gymnastic_rings""]",calisthenics_skill,controlled,,,false
,Human Flag Hold,Hold the body sideways from a vertical pole with stacked hands and full-body tension.,10,"[""obliques""]","[""lats"",""anterior_deltoids"",""triceps"",""glutes"",""abs""]","{""lats"":0.8,""anterior_deltoids"":0.6,""triceps"":0.5,""glutes"":0.5,""abs"":0.8}",true,20,20,true,"[""vertical_pole""]",calisthenics_skill,isometric,,,false
,Tuck Human Flag Hold,Hold a tucked human flag progression with knees pulled in to reduce leverage demand.,8,"[""obliques""]","[""lats"",""anterior_deltoids"",""triceps"",""abs""]","{""lats"":0.7,""anterior_deltoids"":0.5,""triceps"":0.4,""abs"":0.7}",true,15,25,true,"[""vertical_pole""]",calisthenics_skill,isometric,,,false
,Human Flag Raise,Raise and lower the body into a human flag progression with controlled side-body tension.,10,"[""obliques""]","[""lats"",""anterior_deltoids"",""triceps"",""abs"",""glutes""]","{""lats"":0.8,""anterior_deltoids"":0.6,""triceps"":0.5,""abs"":0.8,""glutes"":0.4}",true,20,35,false,"[""vertical_pole""]",calisthenics_skill,controlled,,,false
,Freestanding Handstand Hold,Balance in a freestanding handstand while keeping elbows locked and ribs controlled.,8,"[""anterior_deltoids""]","[""triceps"",""traps"",""abs"",""forearms""]","{""triceps"":0.6,""traps"":0.5,""abs"":0.7,""forearms"":0.5}",false,10,35,true,[],calisthenics_skill,isometric,,,false
,Wall Handstand Hold,Hold a handstand against a wall with active shoulders and a tight body line.,6,"[""anterior_deltoids""]","[""triceps"",""traps"",""abs"",""forearms""]","{""triceps"":0.5,""traps"":0.4,""abs"":0.6,""forearms"":0.3}",false,10,45,true,"[""wall""]",calisthenics_skill,isometric,,,false
,Strict Handstand Push-Up,Lower from a handstand and press back up with controlled shoulder and triceps strength.,9,"[""anterior_deltoids""]","[""triceps"",""upper_chest"",""traps"",""abs""]","{""triceps"":0.8,""upper_chest"":0.4,""traps"":0.5,""abs"":0.6}",false,20,45,false,"[""wall""]",calisthenics_skill,controlled,,,false
,Deficit Handstand Push-Up,Perform handstand push-ups from elevated handles for a deeper pressing range.,10,"[""anterior_deltoids""]","[""triceps"",""upper_chest"",""traps"",""abs""]","{""triceps"":0.8,""upper_chest"":0.5,""traps"":0.5,""abs"":0.6}",false,25,50,false,"[""parallettes"",""wall""]",calisthenics_skill,controlled,,,false
,Kipping Handstand Push-Up,Use hip drive to assist the press from a handstand push-up position.,8,"[""anterior_deltoids""]","[""triceps"",""upper_chest"",""abs"",""hip_flexors""]","{""triceps"":0.7,""upper_chest"":0.4,""abs"":0.5,""hip_flexors"":0.4}",false,20,40,false,"[""wall""]",calisthenics_skill,explosive,,,false
,Ring Support Hold,Hold a stable top support on rings with elbows locked and rings turned slightly out.,6,"[""triceps""]","[""chest"",""anterior_deltoids"",""abs"",""forearms""]","{""chest"":0.5,""anterior_deltoids"":0.5,""abs"":0.6,""forearms"":0.5}",false,10,30,true,"[""gymnastic_rings""]",calisthenics_skill,isometric,,,false
,Ring Turned-Out Support Hold,Hold ring support with rings turned outward to increase shoulder and stabilization demand.,8,"[""triceps""]","[""chest"",""anterior_deltoids"",""abs"",""forearms""]","{""chest"":0.6,""anterior_deltoids"":0.6,""abs"":0.7,""forearms"":0.6}",false,10,25,true,"[""gymnastic_rings""]",calisthenics_skill,isometric,,,false
,Iron Cross Progression Hold,Hold an assisted iron cross progression with arms wide and shoulders stabilized.,10,"[""chest""]","[""lats"",""biceps"",""anterior_deltoids"",""forearms"",""abs""]","{""lats"":0.7,""biceps"":0.7,""anterior_deltoids"":0.6,""forearms"":0.6,""abs"":0.5}",false,25,20,true,"[""gymnastic_rings"",""resistance_band""]",calisthenics_skill,isometric,,,false
,Archer Pull-Up,Pull toward one hand while the opposite arm assists in a straighter position.,9,"[""lats""]","[""biceps"",""rear_deltoids"",""forearms"",""abs""]","{""biceps"":0.8,""rear_deltoids"":0.5,""forearms"":0.6,""abs"":0.4}",true,10,45,false,"[""pull_up_bar""]",pull,controlled,,,false
,Typewriter Pull-Up,Pull to the bar and shift side to side while maintaining height near the top.,9,"[""lats""]","[""biceps"",""rear_deltoids"",""forearms"",""abs""]","{""biceps"":0.8,""rear_deltoids"":0.6,""forearms"":0.6,""abs"":0.4}",true,10,45,false,"[""pull_up_bar""]",pull,controlled,,,false
,One-Arm Pull-Up,Pull from a one-arm hang to the bar using unilateral pulling strength.,10,"[""lats""]","[""biceps"",""forearms"",""rear_deltoids"",""abs""]","{""biceps"":0.9,""forearms"":0.8,""rear_deltoids"":0.6,""abs"":0.5}",true,15,40,false,"[""pull_up_bar""]",pull,controlled,,,false
,One-Arm Chin-Up Eccentric,Lower slowly from a one-arm chin-up top position to build unilateral pulling control.,9,"[""lats""]","[""biceps"",""forearms"",""rear_deltoids"",""abs""]","{""biceps"":0.9,""forearms"":0.8,""rear_deltoids"":0.5,""abs"":0.5}",true,15,45,false,"[""pull_up_bar""]",pull,eccentric,,,false
,Explosive Pull-Up,Pull rapidly so the chest rises high above the bar with control on the descent.,8,"[""lats""]","[""biceps"",""rear_deltoids"",""forearms"",""abs""]","{""biceps"":0.7,""rear_deltoids"":0.5,""forearms"":0.5,""abs"":0.4}",false,10,35,false,"[""pull_up_bar""]",pull,explosive,,,false
,Chest-to-Bar Pull-Up,"Pull until the chest contacts or reaches the bar, then lower with control.",8,"[""lats""]","[""biceps"",""rear_deltoids"",""forearms"",""abs""]","{""biceps"":0.7,""rear_deltoids"":0.5,""forearms"":0.5,""abs"":0.4}",false,10,40,false,"[""pull_up_bar""]",pull,controlled,,,false
,L-Sit Hold,Hold the body supported on hands with legs straight in front and hips lifted.,7,"[""abs""]","[""hip_flexors"",""triceps"",""quads"",""anterior_deltoids""]","{""hip_flexors"":0.8,""triceps"":0.5,""quads"":0.4,""anterior_deltoids"":0.4}",false,10,30,true,"[""parallettes""]",calisthenics_skill,isometric,,,false
,V-Sit Hold,Hold a compressed support position with legs lifted high and torso upright.,9,"[""abs""]","[""hip_flexors"",""triceps"",""quads"",""anterior_deltoids""]","{""hip_flexors"":0.9,""triceps"":0.5,""quads"":0.4,""anterior_deltoids"":0.4}",false,10,25,true,"[""parallettes""]",calisthenics_skill,isometric,,,false
,Manna Progression Hold,Hold an advanced compression support progression with hips lifted and legs elevated.,10,"[""abs""]","[""hip_flexors"",""triceps"",""quads"",""anterior_deltoids""]","{""hip_flexors"":0.9,""triceps"":0.6,""quads"":0.4,""anterior_deltoids"":0.5}",false,15,20,true,"[""parallettes""]",calisthenics_skill,isometric,,,false
,Shrimp Squat,Lower into a single-leg squat variation while holding the opposite foot behind the body.,8,"[""quads""]","[""glutes"",""hamstrings"",""calves"",""abs""]","{""glutes"":0.7,""hamstrings"":0.4,""calves"":0.5,""abs"":0.5}",true,10,45,false,[],squat,controlled,,,false
,Depth Jump,"Step from a box, land briefly, and jump upward explosively with minimal ground contact.",9,"[""quads""]","[""glutes"",""hamstrings"",""calves"",""abs""]","{""glutes"":0.8,""hamstrings"":0.5,""calves"":0.8,""abs"":0.4}",false,20,30,false,"[""plyo_box""]",plyometric,explosive,,,false
,Drop Jump,Drop from a low box and rebound upward quickly while maintaining a stable landing position.,8,"[""calves""]","[""quads"",""glutes"",""hamstrings"",""abs""]","{""quads"":0.7,""glutes"":0.6,""hamstrings"":0.4,""abs"":0.4}",false,20,25,false,"[""plyo_box""]",plyometric,explosive,,,false
,Broad Jump,Jump forward for distance and land with knees tracking and hips controlled.,8,"[""glutes""]","[""quads"",""hamstrings"",""calves"",""abs""]","{""quads"":0.7,""hamstrings"":0.7,""calves"":0.6,""abs"":0.4}",false,10,30,false,[],plyometric,explosive,,,false
,Single-Leg Broad Jump,Jump forward from one leg and land on the same leg with control.,9,"[""glutes""]","[""quads"",""hamstrings"",""calves"",""glute_medius"",""abs""]","{""quads"":0.7,""hamstrings"":0.6,""calves"":0.7,""glute_medius"":0.7,""abs"":0.5}",true,10,35,false,[],plyometric,explosive,,,false
,Triple Broad Jump,Perform three connected forward jumps for distance while maintaining rhythm and control.,9,"[""glutes""]","[""quads"",""hamstrings"",""calves"",""abs""]","{""quads"":0.7,""hamstrings"":0.7,""calves"":0.7,""abs"":0.4}",false,10,40,false,[],plyometric,explosive,,,false
,Lateral Bound,Jump side to side from one leg to the other with strong lateral hip control.,8,"[""glute_medius""]","[""glutes"",""quads"",""hamstrings"",""calves"",""adductors""]","{""glutes"":0.7,""quads"":0.5,""hamstrings"":0.5,""calves"":0.6,""adductors"":0.5}",true,10,35,false,[],plyometric,explosive,,,false
,Skater Bound,"Bound diagonally from side to side like a speed skater, absorbing each landing.",7,"[""glute_medius""]","[""glutes"",""quads"",""hamstrings"",""calves"",""adductors""]","{""glutes"":0.7,""quads"":0.5,""hamstrings"":0.5,""calves"":0.5,""adductors"":0.5}",true,5,35,false,[],plyometric,explosive,,,false
,Single-Leg Lateral Hop,Hop side to side on one leg while keeping the pelvis and knee stable.,7,"[""glute_medius""]","[""quads"",""calves"",""glutes"",""abs""]","{""quads"":0.5,""calves"":0.7,""glutes"":0.5,""abs"":0.5}",true,5,30,true,[],plyometric,explosive,,,false
,Pogo Jump,Bounce repeatedly from the ankles with stiff legs and quick ground contact.,6,"[""calves""]","[""quads"",""glutes"",""abs""]","{""quads"":0.3,""glutes"":0.3,""abs"":0.3}",false,5,30,true,[],plyometric,explosive,,,false
,Single-Leg Pogo Jump,Perform quick ankle-driven hops on one leg with minimal knee bend.,7,"[""calves""]","[""quads"",""glutes"",""glute_medius"",""abs""]","{""quads"":0.3,""glutes"":0.3,""glute_medius"":0.5,""abs"":0.4}",true,5,30,true,[],plyometric,explosive,,,false
,Tuck Jump,Jump vertically and pull knees toward the chest before landing in a stable position.,8,"[""quads""]","[""hip_flexors"",""glutes"",""hamstrings"",""calves"",""abs""]","{""hip_flexors"":0.6,""glutes"":0.6,""hamstrings"":0.4,""calves"":0.6,""abs"":0.5}",false,5,30,false,[],plyometric,explosive,,,false
,Countermovement Jump,Dip quickly and jump vertically using an explosive countermovement.,7,"[""quads""]","[""glutes"",""hamstrings"",""calves"",""abs""]","{""glutes"":0.7,""hamstrings"":0.5,""calves"":0.6,""abs"":0.3}",false,5,30,false,[],plyometric,explosive,,,false
,Split Squat Jump,Jump from a split stance and land back in the same split stance.,8,"[""quads""]","[""glutes"",""hamstrings"",""calves"",""hip_flexors""]","{""glutes"":0.7,""hamstrings"":0.4,""calves"":0.6,""hip_flexors"":0.4}",true,5,35,false,[],plyometric,explosive,,,false
,Jump Lunge,Switch legs in the air from a lunge position and land with control.,8,"[""quads""]","[""glutes"",""hamstrings"",""calves"",""hip_flexors""]","{""glutes"":0.7,""hamstrings"":0.4,""calves"":0.6,""hip_flexors"":0.4}",true,5,35,false,[],plyometric,explosive,,,false
,Box Jump Over,Jump onto or over a box and land with control before resetting or cycling reps.,8,"[""quads""]","[""glutes"",""hamstrings"",""calves"",""abs""]","{""glutes"":0.7,""hamstrings"":0.5,""calves"":0.6,""abs"":0.4}",false,20,35,false,"[""plyo_box""]",plyometric,explosive,,,false
,Lateral Box Jump,Jump sideways onto a box and land with hips and knees stable.,8,"[""glute_medius""]","[""quads"",""glutes"",""hamstrings"",""calves"",""abs""]","{""quads"":0.6,""glutes"":0.7,""hamstrings"":0.4,""calves"":0.6,""abs"":0.4}",true,20,35,false,"[""plyo_box""]",plyometric,explosive,,,false
,Hurdle Hop,"Hop over low hurdles in sequence with quick, elastic ground contact.",8,"[""calves""]","[""quads"",""glutes"",""hamstrings"",""abs""]","{""quads"":0.5,""glutes"":0.5,""hamstrings"":0.4,""abs"":0.4}",false,25,35,false,"[""hurdles""]",plyometric,explosive,,,false
,Lateral Hurdle Hop,Hop side to side over a hurdle while maintaining quick rebound mechanics.,8,"[""calves""]","[""glute_medius"",""quads"",""glutes"",""abs""]","{""glute_medius"":0.6,""quads"":0.5,""glutes"":0.5,""abs"":0.5}",true,25,35,false,"[""hurdles""]",plyometric,explosive,,,false
,Cone Hop,"Hop over a cone forward, backward, or laterally with quick foot contacts.",6,"[""calves""]","[""quads"",""glutes"",""glute_medius"",""abs""]","{""quads"":0.4,""glutes"":0.4,""glute_medius"":0.4,""abs"":0.4}",false,10,30,true,"[""cones""]",plyometric,explosive,,,false
,180-Degree Jump,"Jump and rotate 180 degrees in the air, then land balanced and controlled.",7,"[""quads""]","[""glutes"",""calves"",""obliques"",""abs""]","{""glutes"":0.6,""calves"":0.5,""obliques"":0.6,""abs"":0.4}",false,5,30,false,[],plyometric,explosive,,,false
,Kneeling Jump,Start from tall kneeling and explosively jump to a squat landing.,8,"[""glutes""]","[""quads"",""hamstrings"",""calves"",""abs""]","{""quads"":0.7,""hamstrings"":0.6,""calves"":0.4,""abs"":0.5}",false,5,35,false,[],plyometric,explosive,,,false
,Plyometric Push-Up,"Push explosively so the hands leave the floor, then land with elbows controlled.",8,"[""chest""]","[""triceps"",""anterior_deltoids"",""abs""]","{""triceps"":0.7,""anterior_deltoids"":0.6,""abs"":0.5}",false,5,30,false,[],plyometric,explosive,,,false
,Clapping Push-Up,Perform an explosive push-up and clap before returning hands to the floor.,8,"[""chest""]","[""triceps"",""anterior_deltoids"",""abs""]","{""triceps"":0.7,""anterior_deltoids"":0.6,""abs"":0.5}",false,5,30,false,[],plyometric,explosive,,,false
,Depth Push-Up,Drop hands from elevated blocks to the floor and rebound into an explosive push-up.,9,"[""chest""]","[""triceps"",""anterior_deltoids"",""abs""]","{""triceps"":0.7,""anterior_deltoids"":0.6,""abs"":0.6}",false,15,35,false,"[""blocks""]",plyometric,explosive,,,false
,Medicine Ball Chest Pass,Explosively throw a medicine ball from the chest toward a wall or partner.,7,"[""chest""]","[""triceps"",""anterior_deltoids"",""abs""]","{""triceps"":0.6,""anterior_deltoids"":0.5,""abs"":0.4}",false,10,30,false,"[""medicine_ball""]",plyometric,explosive,,,false
,Medicine Ball Rotational Throw,Rotate through the hips and torso to throw a medicine ball explosively to the side.,7,"[""obliques""]","[""abs"",""glutes"",""chest"",""anterior_deltoids""]","{""abs"":0.6,""glutes"":0.5,""chest"":0.4,""anterior_deltoids"":0.4}",true,10,35,false,"[""medicine_ball""]",rotation,explosive,,,false
,Medicine Ball Overhead Throw,"Throw a medicine ball overhead explosively using legs, hips, trunk, and shoulders.",7,"[""lats""]","[""abs"",""glutes"",""triceps"",""anterior_deltoids""]","{""abs"":0.5,""glutes"":0.6,""triceps"":0.5,""anterior_deltoids"":0.5}",false,10,30,false,"[""medicine_ball""]",plyometric,explosive,,,false
,Burpee Broad Jump,"Perform a burpee, then jump forward for distance before resetting.",9,"[""quads""]","[""chest"",""triceps"",""glutes"",""hamstrings"",""calves"",""abs""]","{""chest"":0.5,""triceps"":0.4,""glutes"":0.7,""hamstrings"":0.5,""calves"":0.6,""abs"":0.5}",false,5,45,false,[],plyometric,explosive,,,false
,Atlas Stone Load,"Lift a stone from the floor and load it to a platform using hips, back, and arms.",10,"[""glutes""]","[""hamstrings"",""lower_back"",""quads"",""biceps"",""forearms"",""abs""]","{""hamstrings"":0.8,""lower_back"":0.8,""quads"":0.7,""biceps"":0.5,""forearms"":0.7,""abs"":0.6}",false,45,70,false,"[""atlas_stone"",""platform""]",strongman,power,,,false
,Atlas Stone to Shoulder,Lift a stone from the floor and bring it to one shoulder with full-body tension.,10,"[""glutes""]","[""hamstrings"",""lower_back"",""quads"",""biceps"",""forearms"",""abs"",""obliques""]","{""hamstrings"":0.8,""lower_back"":0.8,""quads"":0.6,""biceps"":0.5,""forearms"":0.7,""abs"":0.6,""obliques"":0.5}",true,45,65,false,"[""atlas_stone""]",strongman,power,,,false
,Natural Stone Load,Lift an irregular stone from the ground and load it to a platform under control.,10,"[""glutes""]","[""hamstrings"",""lower_back"",""quads"",""biceps"",""forearms"",""abs""]","{""hamstrings"":0.8,""lower_back"":0.8,""quads"":0.7,""biceps"":0.5,""forearms"":0.8,""abs"":0.6}",false,45,70,false,"[""natural_stone"",""platform""]",strongman,power,,,false
,Yoke Walk,Carry a loaded yoke across a set distance while keeping the trunk braced.,10,"[""traps""]","[""quads"",""glutes"",""hamstrings"",""calves"",""abs"",""lower_back""]","{""quads"":0.7,""glutes"":0.7,""hamstrings"":0.5,""calves"":0.5,""abs"":0.8,""lower_back"":0.7}",false,60,60,true,"[""yoke""]",strongman,loaded_carry,,,false
,Super Yoke Carry,"Carry a heavy yoke for distance with short, controlled steps and full-body bracing.",10,"[""traps""]","[""quads"",""glutes"",""hamstrings"",""calves"",""abs"",""lower_back""]","{""quads"":0.7,""glutes"":0.7,""hamstrings"":0.5,""calves"":0.6,""abs"":0.8,""lower_back"":0.7}",false,60,60,true,"[""yoke""]",strongman,loaded_carry,,,false
,Log Clean and Press,Clean a strongman log to the shoulders and press it overhead.,10,"[""anterior_deltoids""]","[""triceps"",""upper_chest"",""glutes"",""quads"",""hamstrings"",""abs""]","{""triceps"":0.8,""upper_chest"":0.6,""glutes"":0.7,""quads"":0.6,""hamstrings"":0.5,""abs"":0.6}",false,45,70,false,"[""strongman_log""]",strongman,power,,,false
,Log Press,Press a strongman log overhead from the front rack position.,9,"[""anterior_deltoids""]","[""triceps"",""upper_chest"",""traps"",""abs""]","{""triceps"":0.8,""upper_chest"":0.6,""traps"":0.4,""abs"":0.5}",false,40,55,false,"[""strongman_log""]",push,power,,,false
,Axle Clean and Press,Clean a thick axle bar to the shoulders and press it overhead.,10,"[""anterior_deltoids""]","[""triceps"",""upper_chest"",""glutes"",""quads"",""hamstrings"",""forearms"",""abs""]","{""triceps"":0.8,""upper_chest"":0.6,""glutes"":0.7,""quads"":0.6,""hamstrings"":0.5,""forearms"":0.7,""abs"":0.6}",false,45,70,false,"[""axle_bar""]",strongman,power,,,false
,Axle Deadlift,Deadlift a thick axle bar from the floor while maintaining grip and trunk tension.,9,"[""hamstrings""]","[""glutes"",""lower_back"",""quads"",""forearms"",""traps"",""abs""]","{""glutes"":0.8,""lower_back"":0.7,""quads"":0.5,""forearms"":0.8,""traps"":0.5,""abs"":0.5}",false,35,55,false,"[""axle_bar"",""plates""]",hinge,controlled,,,false
,Frame Carry,Carry a loaded frame for distance while keeping shoulders packed and torso braced.,10,"[""forearms""]","[""traps"",""quads"",""glutes"",""hamstrings"",""calves"",""abs""]","{""traps"":0.7,""quads"":0.6,""glutes"":0.6,""hamstrings"":0.4,""calves"":0.5,""abs"":0.7}",false,45,60,true,"[""carry_frame""]",carry,loaded_carry,,,false
,Farmer Handle Carry,Carry heavy farmer handles for distance while maintaining tall posture and grip.,9,"[""forearms""]","[""traps"",""quads"",""glutes"",""hamstrings"",""calves"",""abs""]","{""traps"":0.7,""quads"":0.5,""glutes"":0.5,""hamstrings"":0.3,""calves"":0.5,""abs"":0.7}",false,35,60,true,"[""farmer_handles""]",carry,loaded_carry,,,false
,Husafell Stone Carry,Bear-hug carry a shield-shaped stone for distance with strong trunk bracing.,10,"[""abs""]","[""biceps"",""forearms"",""upper_back"",""glutes"",""quads"",""lower_back""]","{""biceps"":0.6,""forearms"":0.7,""upper_back"":0.7,""glutes"":0.6,""quads"":0.6,""lower_back"":0.7}",false,45,60,true,"[""husafell_stone""]",strongman,loaded_carry,,,false
,Shield Carry,Carry a shield-style implement against the torso for distance.,9,"[""abs""]","[""biceps"",""forearms"",""upper_back"",""glutes"",""quads"",""lower_back""]","{""biceps"":0.5,""forearms"":0.6,""upper_back"":0.7,""glutes"":0.5,""quads"":0.5,""lower_back"":0.6}",false,40,60,true,"[""shield""]",strongman,loaded_carry,,,false
,Sandbag Load,Lift a sandbag from the floor and load it onto a platform.,9,"[""glutes""]","[""hamstrings"",""lower_back"",""quads"",""biceps"",""forearms"",""abs""]","{""hamstrings"":0.7,""lower_back"":0.7,""quads"":0.6,""biceps"":0.5,""forearms"":0.6,""abs"":0.6}",false,30,60,false,"[""sandbag"",""platform""]",strongman,power,,,false
,Sandbag to Shoulder,Lift a sandbag from the floor to one shoulder with hip drive and trunk control.,9,"[""glutes""]","[""hamstrings"",""lower_back"",""quads"",""biceps"",""forearms"",""obliques""]","{""hamstrings"":0.7,""lower_back"":0.7,""quads"":0.6,""biceps"":0.5,""forearms"":0.6,""obliques"":0.5}",true,30,55,false,"[""sandbag""]",strongman,power,,,false
,Sandbag Carry,Bear-hug or shoulder-carry a sandbag for distance while staying braced.,8,"[""abs""]","[""biceps"",""forearms"",""upper_back"",""glutes"",""quads"",""lower_back""]","{""biceps"":0.5,""forearms"":0.5,""upper_back"":0.6,""glutes"":0.5,""quads"":0.5,""lower_back"":0.6}",false,25,60,true,"[""sandbag""]",carry,loaded_carry,,,false
,Sandbag Clean and Press,Clean a sandbag to the front rack or shoulder and press it overhead.,9,"[""anterior_deltoids""]","[""triceps"",""glutes"",""quads"",""hamstrings"",""abs"",""forearms""]","{""triceps"":0.7,""glutes"":0.7,""quads"":0.6,""hamstrings"":0.5,""abs"":0.6,""forearms"":0.5}",false,30,65,false,"[""sandbag""]",strongman,power,,,false
,Keg Load,Lift a keg from the floor and load it to a platform or over a bar.,9,"[""glutes""]","[""hamstrings"",""lower_back"",""quads"",""biceps"",""forearms"",""abs""]","{""hamstrings"":0.7,""lower_back"":0.7,""quads"":0.6,""biceps"":0.5,""forearms"":0.6,""abs"":0.6}",false,35,60,false,"[""keg"",""platform""]",strongman,power,,,false
,Keg Carry,Carry a keg against the torso or on the shoulder for distance.,8,"[""abs""]","[""biceps"",""forearms"",""upper_back"",""glutes"",""quads"",""lower_back""]","{""biceps"":0.5,""forearms"":0.6,""upper_back"":0.6,""glutes"":0.5,""quads"":0.5,""lower_back"":0.6}",false,30,60,true,"[""keg""]",carry,loaded_carry,,,false
,Tire Flip,Drive through the legs and hips to flip a tire forward.,9,"[""glutes""]","[""quads"",""hamstrings"",""lower_back"",""chest"",""biceps"",""forearms""]","{""quads"":0.7,""hamstrings"":0.7,""lower_back"":0.7,""chest"":0.4,""biceps"":0.4,""forearms"":0.5}",false,45,60,false,"[""tire""]",strongman,power,,,false
,Conan’s Wheel,Carry a front-loaded implement in the crooks of the elbows while walking in a circle.,10,"[""abs""]","[""biceps"",""forearms"",""quads"",""glutes"",""upper_back"",""lower_back""]","{""biceps"":0.6,""forearms"":0.6,""quads"":0.6,""glutes"":0.6,""upper_back"":0.6,""lower_back"":0.7}",false,60,75,true,"[""conans_wheel""]",strongman,loaded_carry,,,false
,Fingal’s Fingers,Lift and tip a long hinged implement from the ground to vertical.,10,"[""anterior_deltoids""]","[""triceps"",""chest"",""quads"",""glutes"",""abs"",""lower_back""]","{""triceps"":0.7,""chest"":0.5,""quads"":0.7,""glutes"":0.7,""abs"":0.6,""lower_back"":0.6}",false,60,75,false,"[""fingals_finger""]",strongman,power,,,false
,Harness Sled Pull,Pull a loaded sled forward using a harness and powerful leg drive.,9,"[""quads""]","[""glutes"",""hamstrings"",""calves"",""abs"",""lower_back""]","{""glutes"":0.8,""hamstrings"":0.6,""calves"":0.6,""abs"":0.5,""lower_back"":0.4}",false,35,60,true,"[""sled"",""harness""]",strongman,power,,,false
,Backward Sled Drag,Walk backward while dragging a sled to emphasize knee extension and quad endurance.,7,"[""quads""]","[""glutes"",""hamstrings"",""calves"",""abs""]","{""glutes"":0.4,""hamstrings"":0.3,""calves"":0.5,""abs"":0.3}",false,25,60,true,"[""sled""]",strongman,controlled,,,false
,Arm-Over-Arm Sled Pull,Pull a sled toward you hand-over-hand using a rope.,8,"[""lats""]","[""biceps"",""forearms"",""rear_deltoids"",""abs"",""lower_back""]","{""biceps"":0.7,""forearms"":0.8,""rear_deltoids"":0.5,""abs"":0.5,""lower_back"":0.4}",false,30,60,true,"[""sled"",""rope""]",strongman,controlled,,,false
,Truck Pull Simulation,Use a harness and rope to pull a heavy sled or vehicle-simulation implement.,10,"[""quads""]","[""glutes"",""hamstrings"",""calves"",""lats"",""biceps"",""abs""]","{""glutes"":0.8,""hamstrings"":0.6,""calves"":0.6,""lats"":0.5,""biceps"":0.4,""abs"":0.6}",false,60,90,true,"[""sled"",""harness"",""rope""]",strongman,power,,,false
,Circus Dumbbell Press,Clean a large dumbbell to the shoulder and press it overhead with one arm.,10,"[""anterior_deltoids""]","[""triceps"",""upper_chest"",""obliques"",""glutes"",""quads"",""forearms""]","{""triceps"":0.8,""upper_chest"":0.5,""obliques"":0.7,""glutes"":0.5,""quads"":0.5,""forearms"":0.6}",true,35,60,false,"[""circus_dumbbell""]",strongman,power,,,false
,Viking Press,Press a lever-style strongman implement overhead using coordinated leg and arm drive.,9,"[""anterior_deltoids""]","[""triceps"",""upper_chest"",""traps"",""quads"",""glutes"",""abs""]","{""triceps"":0.8,""upper_chest"":0.5,""traps"":0.4,""quads"":0.5,""glutes"":0.5,""abs"":0.4}",false,40,55,false,"[""viking_press""]",strongman,power,,,false
,Car Deadlift,Deadlift a car-deadlift frame or lever implement from handles at the sides.,10,"[""hamstrings""]","[""glutes"",""lower_back"",""quads"",""forearms"",""traps"",""abs""]","{""glutes"":0.8,""lower_back"":0.8,""quads"":0.6,""forearms"":0.7,""traps"":0.6,""abs"":0.6}",false,60,65,false,"[""car_deadlift_frame""]",strongman,controlled,,,false
,Silver Dollar Deadlift,Deadlift a bar from elevated blocks or boxes in a partial range of motion.,9,"[""hamstrings""]","[""glutes"",""lower_back"",""quads"",""forearms"",""traps"",""abs""]","{""glutes"":0.7,""lower_back"":0.7,""quads"":0.5,""forearms"":0.6,""traps"":0.6,""abs"":0.5}",false,45,55,false,"[""barbell"",""blocks"",""plates""]",hinge,controlled,,,false
,Hercules Hold,Hold two heavy handles out to the sides against pulling force for time.,9,"[""forearms""]","[""traps"",""lats"",""rear_deltoids"",""abs""]","{""traps"":0.5,""lats"":0.5,""rear_deltoids"":0.4,""abs"":0.5}",false,45,45,true,"[""hercules_hold_handles""]",strongman,isometric,,,false
,Crucifix Hold,Hold weights out to the sides at shoulder height for time.,8,"[""lateral_deltoids""]","[""traps"",""forearms"",""abs""]","{""traps"":0.4,""forearms"":0.5,""abs"":0.4}",false,20,40,true,"[""dumbbells""]",strongman,isometric,,,false
,Duck Walk,Carry a low front-loaded implement between the legs for distance.,8,"[""quads""]","[""glutes"",""hamstrings"",""forearms"",""abs"",""lower_back""]","{""glutes"":0.6,""hamstrings"":0.5,""forearms"":0.6,""abs"":0.5,""lower_back"":0.5}",false,35,55,true,"[""duck_walk_handle""]",strongman,loaded_carry,,,false
,Power Stairs,Lift and place a heavy implement step by step up a platform staircase.,10,"[""quads""]","[""glutes"",""hamstrings"",""lower_back"",""forearms"",""traps"",""abs""]","{""glutes"":0.7,""hamstrings"":0.6,""lower_back"":0.6,""forearms"":0.7,""traps"":0.5,""abs"":0.5}",false,60,75,false,"[""power_stairs_implement""]",strongman,power,,,false
